BatteryID,Capacity_kWh,Manufacturer,Manufacture_Date,Current_SoH_Pct
BAT-0001,30,Amara Raja,2023-03-08,75.9
BAT-0002,50,LG Chem,2023-06-12,82.5
BAT-0003,40,LG Chem,2023-11-10,78.93
BAT-0004,30,Amara Raja,2023-12-02,86.58
BAT-0005,50,Amara Raja,2023-10-26,77.77
BAT-0006,40,LG Chem,2023-02-04,97.47
BAT-0007,50,Exide,2023-04-05,91.15
BAT-0008,40,LG Chem,2023-12-20,91.52
BAT-0009,40,Amara Raja,2023-05-31,98.57
BAT-0010,40,Exide,2023-09-14,93.87
BAT-0011,40,Amara Raja,2023-09-07,96.69
BAT-0012,30,LG Chem,2023-09-18,75.34
BAT-0013,30,LG Chem,2023-12-28,86.06
BAT-0014,40,Amara Raja,2023-10-05,79.36
BAT-0015,30,LG Chem,2023-10-05,96.16
BAT-0016,40,Exide,2023-05-10,76.96
BAT-0017,50,LG Chem,2023-01-09,84.17
BAT-0018,30,Exide,2023-06-04,98.81
BAT-0019,30,Exide,2023-06-05,93.71
BAT-0020,40,Exide,2023-10-06,96.16
BAT-0021,50,Amara Raja,2023-10-05,91.27
BAT-0022,30,Exide,2023-06-04,95.42
BAT-0023,30,LG Chem,2023-03-07,95.87
BAT-0024,40,LG Chem,2023-09-17,75.87
BAT-0025,30,LG Chem,2023-11-24,99.34
BAT-0026,50,Exide,2023-10-19,84.52
BAT-0027,50,Exide,2023-09-25,95.93
BAT-0028,50,Exide,2023-01-06,96.67
BAT-0029,30,Exide,2023-09-26,93.11
BAT-0030,40,Amara Raja,2023-04-24,80.13
BAT-0031,50,Amara Raja,2023-11-12,90.72
BAT-0032,50,Amara Raja,2023-04-15,98.05
BAT-0033,30,Amara Raja,2023-12-01,82.55
BAT-0034,30,LG Chem,2023-08-21,93.83
BAT-0035,40,LG Chem,2023-04-08,75.83
BAT-0036,50,LG Chem,2023-07-15,90.83
BAT-0037,50,Amara Raja,2023-12-16,78.86
BAT-0038,40,Amara Raja,2023-06-27,92.92
BAT-0039,30,Exide,2023-01-22,78.04
BAT-0040,50,Exide,2023-02-05,98.07
BAT-0041,40,Amara Raja,2023-08-20,98.23
BAT-0042,30,Amara Raja,2023-01-04,99.73
BAT-0043,50,LG Chem,2023-03-17,84.4
BAT-0044,40,Amara Raja,2023-05-21,85.71
BAT-0045,50,Exide,2023-09-14,86.71
BAT-0046,40,LG Chem,2023-09-21,91.53
BAT-0047,50,LG Chem,2023-11-08,75.05
BAT-0048,30,LG Chem,2023-08-21,95.06
BAT-0049,40,LG Chem,2023-01-29,82.52
BAT-0050,40,LG Chem,2023-04-13,84.24
BAT-0051,40,Amara Raja,2023-02-06,77.3
BAT-0052,30,Amara Raja,2023-02-21,95.95
BAT-0053,30,LG Chem,2023-06-19,82.93
BAT-0054,30,Exide,2023-07-11,98.16
BAT-0055,30,LG Chem,2023-03-08,90.25
BAT-0056,50,LG Chem,2023-07-25,78.84
BAT-0057,40,Exide,2023-05-26,94.03
BAT-0058,30,Exide,2023-06-21,85.62
BAT-0059,30,Exide,2023-03-18,98.47
BAT-0060,40,Amara Raja,2023-04-09,82.27
BAT-0061,40,Exide,2023-02-09,99.52
BAT-0062,30,LG Chem,2023-04-09,91.86
BAT-0063,50,Amara Raja,2023-04-12,84.71
BAT-0064,50,Exide,2023-06-10,96.63
BAT-0065,30,Amara Raja,2023-07-15,80.28
BAT-0066,50,LG Chem,2023-03-11,80.36
BAT-0067,40,Amara Raja,2023-02-15,85.93
BAT-0068,30,Exide,2023-12-10,97.31
BAT-0069,40,Amara Raja,2023-09-20,99.93
BAT-0070,50,LG Chem,2023-07-06,98.91
BAT-0071,30,Amara Raja,2023-09-30,96.38
BAT-0072,30,Amara Raja,2023-04-22,80.87
BAT-0073,50,Exide,2023-03-26,85.45
BAT-0074,40,Amara Raja,2023-08-05,97.87
BAT-0075,40,LG Chem,2023-07-30,86.7
BAT-0076,50,Exide,2023-02-18,75.85
BAT-0077,30,Exide,2023-08-13,85.55
BAT-0078,30,LG Chem,2023-12-08,82.85
BAT-0079,40,Exide,2023-09-18,93.25
BAT-0080,50,Amara Raja,2023-12-03,80.24
BAT-0081,40,LG Chem,2023-06-09,96.02
BAT-0082,40,Amara Raja,2023-10-09,76.44
BAT-0083,50,Exide,2023-02-13,98.04
BAT-0084,40,Amara Raja,2023-08-21,82.69
BAT-0085,40,Amara Raja,2023-05-21,86.32
BAT-0086,50,Exide,2023-02-15,87.35
BAT-0087,30,Amara Raja,2023-07-20,79.59
BAT-0088,50,Exide,2023-04-24,80.21
BAT-0089,40,LG Chem,2023-10-11,99.53
BAT-0090,40,LG Chem,2023-10-22,77.33
BAT-0091,50,Amara Raja,2023-11-02,96.67
BAT-0092,40,Amara Raja,2023-11-20,88.55
BAT-0093,40,Amara Raja,2023-12-23,96.75
BAT-0094,40,Exide,2023-09-03,80.22
BAT-0095,50,LG Chem,2023-05-30,93.6
BAT-0096,40,Exide,2023-07-26,91.88
BAT-0097,50,Amara Raja,2023-02-26,77.02
BAT-0098,50,Amara Raja,2023-06-06,87.55
BAT-0099,30,Exide,2023-08-21,98.26
BAT-0100,50,LG Chem,2023-10-06,93.79
BAT-0101,40,Exide,2023-07-03,85.53
BAT-0102,30,Exide,2023-08-28,83.28
BAT-0103,40,Exide,2023-10-18,85.96
BAT-0104,40,LG Chem,2023-04-10,83.33
BAT-0105,40,Amara Raja,2023-12-21,85.24
BAT-0106,30,LG Chem,2023-10-25,89.29
BAT-0107,50,LG Chem,2023-05-30,91.58
BAT-0108,40,Amara Raja,2023-05-02,87.46
BAT-0109,40,Exide,2023-04-16,99.74
BAT-0110,40,Exide,2023-05-06,79.0
BAT-0111,40,Amara Raja,2023-11-22,80.58
BAT-0112,30,Amara Raja,2023-09-16,82.17
BAT-0113,50,Amara Raja,2023-04-10,91.63
BAT-0114,30,Amara Raja,2023-05-01,86.11
BAT-0115,40,Amara Raja,2023-02-09,87.24
BAT-0116,40,Exide,2023-03-24,91.99
BAT-0117,30,Amara Raja,2023-06-02,77.87
BAT-0118,40,LG Chem,2023-09-17,87.14
BAT-0119,40,LG Chem,2023-05-22,76.27
BAT-0120,30,Amara Raja,2023-08-12,75.89
BAT-0121,40,LG Chem,2023-05-15,86.68
BAT-0122,50,LG Chem,2023-06-16,99.22
BAT-0123,30,Exide,2023-09-18,83.38
BAT-0124,50,Amara Raja,2023-12-09,90.67
BAT-0125,40,LG Chem,2023-06-03,80.74
BAT-0126,50,Amara Raja,2023-01-10,97.77
BAT-0127,30,Exide,2023-04-24,83.09
BAT-0128,30,LG Chem,2023-09-29,83.27
BAT-0129,40,LG Chem,2023-08-04,86.47
BAT-0130,40,Exide,2023-10-09,81.77
BAT-0131,50,Amara Raja,2023-09-20,75.61
BAT-0132,30,Amara Raja,2023-08-30,98.96
BAT-0133,30,Exide,2023-04-23,77.67
BAT-0134,40,Exide,2023-04-18,97.0
BAT-0135,30,Exide,2023-05-04,83.72
BAT-0136,40,LG Chem,2023-06-03,94.27
BAT-0137,40,LG Chem,2023-03-07,78.84
BAT-0138,40,Amara Raja,2023-06-16,96.48
BAT-0139,40,Amara Raja,2023-01-17,94.42
BAT-0140,50,Amara Raja,2023-02-27,82.9
BAT-0141,40,LG Chem,2023-10-21,94.13
BAT-0142,40,Amara Raja,2023-05-03,79.12
BAT-0143,40,LG Chem,2023-01-06,88.0
BAT-0144,40,LG Chem,2023-10-24,90.68
BAT-0145,40,Amara Raja,2023-03-06,92.55
BAT-0146,50,Exide,2023-06-23,95.05
BAT-0147,30,Amara Raja,2023-10-09,76.16
BAT-0148,40,Exide,2023-10-19,86.11
BAT-0149,30,LG Chem,2023-04-17,77.5
BAT-0150,30,Exide,2023-05-02,97.04
BAT-0151,40,Amara Raja,2023-10-09,94.46
BAT-0152,50,Amara Raja,2023-06-21,85.04
BAT-0153,40,Exide,2023-07-10,84.4
BAT-0154,50,LG Chem,2023-01-26,82.98
BAT-0155,30,Amara Raja,2023-02-02,91.91
BAT-0156,40,LG Chem,2023-03-30,85.98
BAT-0157,50,Amara Raja,2023-10-31,89.63
BAT-0158,40,LG Chem,2023-02-24,90.1
BAT-0159,40,Amara Raja,2023-08-28,94.03
BAT-0160,40,Exide,2023-07-25,78.47
BAT-0161,30,Amara Raja,2023-08-25,93.48
BAT-0162,40,Exide,2023-10-24,84.59
BAT-0163,40,Amara Raja,2023-04-26,85.63
BAT-0164,40,LG Chem,2023-02-02,98.28
BAT-0165,40,LG Chem,2023-07-05,95.21
BAT-0166,40,LG Chem,2023-02-24,97.96
BAT-0167,50,LG Chem,2023-09-01,76.76
BAT-0168,30,Exide,2023-06-01,97.92
BAT-0169,40,Amara Raja,2023-03-15,96.05
BAT-0170,30,LG Chem,2023-09-10,86.22
BAT-0171,30,Exide,2023-04-22,95.63
BAT-0172,50,LG Chem,2023-08-30,77.23
BAT-0173,30,Exide,2023-06-21,81.04
BAT-0174,40,LG Chem,2023-01-12,82.31
BAT-0175,30,LG Chem,2023-06-02,81.22
BAT-0176,40,Amara Raja,2023-03-15,88.9
BAT-0177,50,LG Chem,2023-03-13,87.14
BAT-0178,50,Amara Raja,2023-02-03,81.92
BAT-0179,40,Amara Raja,2023-01-01,92.19
BAT-0180,30,Amara Raja,2023-12-28,77.51
BAT-0181,40,Exide,2023-05-13,81.01
BAT-0182,30,Exide,2023-05-23,86.08
BAT-0183,30,Exide,2023-12-03,91.66
BAT-0184,50,LG Chem,2023-02-28,79.4
BAT-0185,50,Amara Raja,2023-07-09,93.03
BAT-0186,50,Amara Raja,2023-09-11,85.66
BAT-0187,30,Exide,2023-09-11,97.01
BAT-0188,30,Amara Raja,2023-02-14,76.49
BAT-0189,40,LG Chem,2023-04-26,97.67
BAT-0190,30,LG Chem,2023-09-26,78.3
BAT-0191,40,Amara Raja,2023-06-28,95.3
BAT-0192,40,Exide,2023-06-20,81.73
BAT-0193,30,Amara Raja,2023-11-23,95.8
BAT-0194,40,Amara Raja,2023-03-30,97.56
BAT-0195,50,Amara Raja,2023-08-06,91.16
BAT-0196,40,Amara Raja,2023-05-12,98.3
BAT-0197,50,Amara Raja,2023-02-22,75.38
BAT-0198,40,Amara Raja,2023-06-18,85.63
BAT-0199,40,Amara Raja,2023-12-08,95.55
BAT-0200,30,LG Chem,2023-07-13,98.31
BAT-0201,30,Amara Raja,2023-12-06,99.32
BAT-0202,40,Amara Raja,2023-10-20,87.46
BAT-0203,50,Amara Raja,2023-10-04,86.06
BAT-0204,30,LG Chem,2023-04-29,92.78
BAT-0205,50,Exide,2023-12-24,89.22
BAT-0206,40,LG Chem,2023-04-10,76.01
BAT-0207,30,LG Chem,2023-12-19,81.61
BAT-0208,30,LG Chem,2023-03-11,81.72
BAT-0209,30,LG Chem,2023-04-30,76.49
BAT-0210,50,LG Chem,2023-11-24,92.99
BAT-0211,30,Amara Raja,2023-09-22,87.62
BAT-0212,50,Amara Raja,2023-01-17,89.86
BAT-0213,50,Exide,2023-12-15,80.77
BAT-0214,50,Amara Raja,2023-04-14,99.03
BAT-0215,30,LG Chem,2023-09-11,90.31
BAT-0216,50,Amara Raja,2023-12-16,96.07
BAT-0217,40,Exide,2023-03-13,77.27
BAT-0218,30,Amara Raja,2023-10-01,75.56
BAT-0219,30,Exide,2023-11-23,82.22
BAT-0220,50,LG Chem,2023-08-17,93.76
BAT-0221,40,Amara Raja,2023-06-13,80.66
BAT-0222,50,Exide,2023-10-16,81.11
BAT-0223,50,Amara Raja,2023-04-21,80.92
BAT-0224,30,LG Chem,2023-03-10,81.9
BAT-0225,50,LG Chem,2023-09-16,86.38
BAT-0226,40,LG Chem,2023-02-07,92.01
BAT-0227,50,LG Chem,2023-08-25,94.86
BAT-0228,50,Exide,2023-05-05,92.48
BAT-0229,30,Exide,2023-04-24,87.88
BAT-0230,30,Exide,2023-05-16,75.13
BAT-0231,40,LG Chem,2023-01-22,99.86
BAT-0232,40,Exide,2023-11-10,85.82
BAT-0233,40,Amara Raja,2023-06-13,98.54
BAT-0234,40,Exide,2023-05-08,98.94
BAT-0235,30,LG Chem,2023-01-19,76.11
BAT-0236,50,Amara Raja,2023-05-25,96.61
BAT-0237,50,Amara Raja,2023-02-14,77.2
BAT-0238,30,Amara Raja,2023-04-24,80.92
BAT-0239,40,Exide,2023-09-07,99.75
BAT-0240,50,Exide,2023-03-28,98.91
BAT-0241,30,LG Chem,2023-04-18,97.23
BAT-0242,50,Amara Raja,2023-06-14,85.51
BAT-0243,40,Exide,2023-10-04,99.33
BAT-0244,30,Exide,2023-09-04,81.9
BAT-0245,40,LG Chem,2023-09-16,85.51
BAT-0246,40,LG Chem,2023-02-16,98.2
BAT-0247,30,Amara Raja,2023-03-29,80.81
BAT-0248,40,Exide,2023-12-28,89.14
BAT-0249,40,Amara Raja,2023-10-26,84.67
BAT-0250,50,Exide,2023-05-23,84.52
BAT-0251,50,Amara Raja,2023-09-28,88.57
BAT-0252,30,Amara Raja,2023-12-11,99.28
BAT-0253,50,Exide,2023-05-30,95.29
BAT-0254,50,Amara Raja,2023-02-13,85.01
BAT-0255,30,Exide,2023-04-19,93.55
BAT-0256,50,LG Chem,2023-11-09,99.28
BAT-0257,50,LG Chem,2023-10-24,84.35
BAT-0258,50,Exide,2023-02-08,75.01
BAT-0259,50,Exide,2023-12-11,88.9
BAT-0260,40,Amara Raja,2023-09-30,97.64
BAT-0261,40,Amara Raja,2023-12-24,78.66
BAT-0262,30,LG Chem,2023-12-13,81.1
BAT-0263,50,LG Chem,2023-02-21,98.21
BAT-0264,50,LG Chem,2023-07-30,76.38
BAT-0265,50,LG Chem,2023-06-16,88.86
BAT-0266,40,Exide,2023-09-06,89.79
BAT-0267,50,LG Chem,2023-11-25,87.64
BAT-0268,30,Exide,2023-10-17,90.56
BAT-0269,30,Exide,2023-02-16,96.33
BAT-0270,50,Exide,2023-07-05,99.9
BAT-0271,30,Amara Raja,2023-11-29,90.27
BAT-0272,30,LG Chem,2023-08-31,79.53
BAT-0273,30,Amara Raja,2023-10-25,96.21
BAT-0274,30,Exide,2023-03-14,86.42
BAT-0275,40,Amara Raja,2023-01-07,79.43
BAT-0276,30,LG Chem,2023-11-05,81.04
BAT-0277,40,Amara Raja,2023-06-13,85.5
BAT-0278,30,Exide,2023-05-07,94.2
BAT-0279,30,LG Chem,2023-04-27,87.86
BAT-0280,50,Amara Raja,2023-01-03,82.38
BAT-0281,40,LG Chem,2023-01-10,76.91
BAT-0282,40,Amara Raja,2023-08-15,99.88
BAT-0283,30,Exide,2023-03-09,86.96
BAT-0284,50,Exide,2023-06-04,81.29
BAT-0285,50,Exide,2023-12-24,84.82
BAT-0286,30,Amara Raja,2023-01-06,92.81
BAT-0287,30,LG Chem,2023-05-30,87.52
BAT-0288,30,Amara Raja,2023-02-27,88.11
BAT-0289,30,Exide,2023-05-22,95.44
BAT-0290,50,LG Chem,2023-11-22,85.73
BAT-0291,30,Exide,2023-12-02,78.95
BAT-0292,50,LG Chem,2023-09-05,75.94
BAT-0293,50,LG Chem,2023-08-15,87.82
BAT-0294,40,Amara Raja,2023-08-21,79.17
BAT-0295,50,Exide,2023-03-17,81.13
BAT-0296,30,Amara Raja,2023-08-21,97.49
BAT-0297,40,Amara Raja,2023-07-16,77.37
BAT-0298,40,Amara Raja,2023-02-15,85.51
BAT-0299,30,LG Chem,2023-10-24,93.41
BAT-0300,40,Amara Raja,2023-11-01,85.36
BAT-0301,50,Exide,2023-08-14,82.68
BAT-0302,50,Amara Raja,2023-03-04,90.42
BAT-0303,50,LG Chem,2023-12-31,97.44
BAT-0304,40,LG Chem,2023-07-18,83.51
BAT-0305,40,LG Chem,2023-05-09,88.7
BAT-0306,30,Exide,2023-02-17,89.93
BAT-0307,30,LG Chem,2023-09-05,82.84
BAT-0308,50,Exide,2023-09-02,87.65
BAT-0309,50,Amara Raja,2023-01-04,82.19
BAT-0310,30,Exide,2023-11-04,94.52
BAT-0311,30,LG Chem,2023-01-20,97.04
BAT-0312,30,LG Chem,2023-02-07,96.15
BAT-0313,50,Exide,2023-09-09,83.03
BAT-0314,50,Exide,2023-04-19,97.21
BAT-0315,40,Amara Raja,2023-08-07,91.08
BAT-0316,40,Exide,2023-05-03,75.13
BAT-0317,30,Amara Raja,2023-03-19,97.85
BAT-0318,40,Amara Raja,2023-01-18,78.84
BAT-0319,40,Exide,2023-08-10,86.17
BAT-0320,50,Amara Raja,2023-09-17,97.31
BAT-0321,40,LG Chem,2023-06-14,81.25
BAT-0322,50,LG Chem,2023-11-14,79.1
BAT-0323,40,Amara Raja,2023-05-03,80.7
BAT-0324,40,LG Chem,2023-08-28,94.94
BAT-0325,50,Exide,2023-11-08,76.23
BAT-0326,40,Amara Raja,2023-01-30,87.96
BAT-0327,50,LG Chem,2023-11-17,88.76
BAT-0328,50,Exide,2023-06-23,83.44
BAT-0329,50,Exide,2023-05-30,79.55
BAT-0330,50,Amara Raja,2023-03-02,98.85
BAT-0331,50,LG Chem,2023-03-24,92.87
BAT-0332,30,Exide,2023-06-14,80.52
BAT-0333,50,Amara Raja,2023-03-21,94.14
BAT-0334,40,Exide,2023-06-01,88.36
BAT-0335,50,Amara Raja,2023-06-17,84.12
BAT-0336,30,Amara Raja,2023-05-10,91.52
BAT-0337,40,LG Chem,2023-11-03,84.02
BAT-0338,30,LG Chem,2023-12-20,87.65
BAT-0339,30,LG Chem,2023-09-24,83.73
BAT-0340,30,Amara Raja,2023-04-18,87.39
BAT-0341,50,Amara Raja,2023-11-12,89.18
BAT-0342,30,Amara Raja,2023-05-12,96.92
BAT-0343,40,LG Chem,2023-09-27,80.89
BAT-0344,40,LG Chem,2023-06-11,75.13
BAT-0345,30,LG Chem,2023-09-03,92.67
BAT-0346,50,Amara Raja,2023-06-03,99.58
BAT-0347,40,Exide,2023-09-20,84.54
BAT-0348,40,LG Chem,2023-02-21,83.53
BAT-0349,40,Amara Raja,2023-11-11,98.29
BAT-0350,40,Exide,2023-07-20,93.29
BAT-0351,40,LG Chem,2023-05-26,86.0
BAT-0352,40,Amara Raja,2023-01-01,96.94
BAT-0353,40,Exide,2023-01-15,90.23
BAT-0354,30,Exide,2023-05-20,91.37
BAT-0355,50,LG Chem,2023-09-13,97.5
BAT-0356,40,LG Chem,2023-04-18,76.72
BAT-0357,50,LG Chem,2023-07-14,85.22
BAT-0358,50,LG Chem,2023-02-17,75.96
BAT-0359,50,Exide,2023-05-24,97.28
BAT-0360,30,Exide,2023-01-12,86.41
BAT-0361,40,LG Chem,2023-03-20,82.81
BAT-0362,30,Exide,2023-01-08,90.88
BAT-0363,40,Amara Raja,2023-04-27,95.49
BAT-0364,50,LG Chem,2023-07-23,92.65
BAT-0365,30,Exide,2023-10-18,96.65
BAT-0366,30,LG Chem,2023-10-27,82.47
BAT-0367,40,Amara Raja,2023-07-02,77.08
BAT-0368,30,Exide,2023-09-08,91.02
BAT-0369,30,LG Chem,2023-05-24,87.31
BAT-0370,50,LG Chem,2023-03-28,78.53
BAT-0371,30,Amara Raja,2023-12-12,84.77
BAT-0372,50,LG Chem,2023-07-10,82.79
BAT-0373,50,LG Chem,2023-11-10,88.11
BAT-0374,40,Amara Raja,2023-04-05,96.51
BAT-0375,40,Exide,2023-07-14,76.31
BAT-0376,50,Exide,2023-10-11,89.41
BAT-0377,30,LG Chem,2023-07-20,91.44
BAT-0378,50,Amara Raja,2023-08-03,90.09
BAT-0379,40,Exide,2023-02-26,80.71
BAT-0380,30,LG Chem,2023-06-16,80.77
BAT-0381,40,LG Chem,2023-09-22,75.79
BAT-0382,50,Amara Raja,2023-08-19,79.78
BAT-0383,40,Exide,2023-01-26,79.89
BAT-0384,40,Exide,2023-01-11,79.12
BAT-0385,30,Exide,2023-03-31,80.91
BAT-0386,50,Exide,2023-09-09,97.48
BAT-0387,40,Amara Raja,2023-04-06,76.88
BAT-0388,30,Exide,2023-03-09,99.33
BAT-0389,50,LG Chem,2023-12-15,86.51
BAT-0390,50,LG Chem,2023-07-13,90.46
BAT-0391,50,Amara Raja,2023-11-02,89.77
BAT-0392,50,LG Chem,2023-05-24,97.41
BAT-0393,50,Amara Raja,2023-12-08,88.47
BAT-0394,40,Exide,2023-02-11,99.79
BAT-0395,40,Amara Raja,2023-02-23,77.08
BAT-0396,30,Exide,2023-03-05,87.14
BAT-0397,40,Exide,2023-10-02,85.15
BAT-0398,50,Exide,2023-09-11,89.45
BAT-0399,30,Amara Raja,2023-04-25,96.55
BAT-0400,30,Exide,2023-08-10,93.19
BAT-0401,50,Amara Raja,2023-12-09,97.03
BAT-0402,50,Amara Raja,2023-05-15,98.43
BAT-0403,50,Exide,2023-08-23,87.22
BAT-0404,50,Amara Raja,2023-09-26,98.51
BAT-0405,50,LG Chem,2023-05-15,86.32
BAT-0406,50,Exide,2023-03-12,89.43
BAT-0407,30,Amara Raja,2023-10-22,93.66
BAT-0408,40,Exide,2023-12-04,85.48
BAT-0409,40,Amara Raja,2023-02-07,99.57
BAT-0410,30,Exide,2023-05-30,95.28
BAT-0411,30,Exide,2023-01-10,83.0
BAT-0412,50,Exide,2023-12-26,75.04
BAT-0413,50,Amara Raja,2023-08-29,98.91
BAT-0414,50,Amara Raja,2023-04-29,85.48
BAT-0415,30,LG Chem,2023-08-19,78.95
BAT-0416,30,Amara Raja,2023-09-13,76.67
BAT-0417,40,Amara Raja,2023-11-22,81.87
BAT-0418,40,LG Chem,2023-03-29,82.18
BAT-0419,30,Amara Raja,2023-09-14,80.97
BAT-0420,30,Exide,2023-09-17,76.19
BAT-0421,30,Amara Raja,2023-11-18,80.71
BAT-0422,50,Amara Raja,2023-09-16,75.17
BAT-0423,50,Exide,2023-06-07,92.59
BAT-0424,40,Amara Raja,2023-10-05,93.28
BAT-0425,50,Amara Raja,2023-03-04,83.23
BAT-0426,30,LG Chem,2023-06-10,81.41
BAT-0427,30,Exide,2023-06-21,80.39
BAT-0428,40,LG Chem,2023-02-10,91.12
BAT-0429,40,LG Chem,2023-05-13,84.16
BAT-0430,30,LG Chem,2023-10-16,97.55
BAT-0431,50,Exide,2023-08-13,92.82
BAT-0432,40,LG Chem,2023-09-05,95.6
BAT-0433,50,Amara Raja,2023-03-15,92.7
BAT-0434,30,Amara Raja,2023-11-29,98.67
BAT-0435,30,Amara Raja,2023-05-20,94.19
BAT-0436,30,LG Chem,2023-01-25,84.81
BAT-0437,40,Amara Raja,2023-04-30,82.12
BAT-0438,30,Amara Raja,2023-01-16,93.2
BAT-0439,40,LG Chem,2023-09-04,82.4
BAT-0440,50,Amara Raja,2023-07-11,96.82
BAT-0441,40,Exide,2023-08-09,96.01
BAT-0442,50,LG Chem,2023-11-10,89.65
BAT-0443,40,LG Chem,2023-01-06,98.02
BAT-0444,50,Amara Raja,2023-11-23,87.39
BAT-0445,40,Exide,2023-05-24,80.77
BAT-0446,40,Exide,2023-09-10,94.09
BAT-0447,30,Amara Raja,2023-04-28,99.27
BAT-0448,40,Exide,2023-11-18,76.9
BAT-0449,50,LG Chem,2023-11-22,93.55
BAT-0450,30,Amara Raja,2023-01-09,75.55
BAT-0451,30,Exide,2023-04-11,90.07
BAT-0452,50,Amara Raja,2023-10-29,86.64
BAT-0453,40,Amara Raja,2023-06-23,85.35
BAT-0454,40,Exide,2023-06-24,81.4
BAT-0455,30,Amara Raja,2023-08-09,88.25
BAT-0456,30,Amara Raja,2023-12-19,90.39
BAT-0457,40,LG Chem,2023-03-17,88.34
BAT-0458,40,Exide,2023-01-02,87.91
BAT-0459,40,LG Chem,2023-06-03,83.1
BAT-0460,50,Exide,2023-08-30,79.92
BAT-0461,50,Amara Raja,2023-11-10,97.52
BAT-0462,30,Amara Raja,2023-02-01,98.91
BAT-0463,40,Amara Raja,2023-02-17,97.26
BAT-0464,40,Amara Raja,2023-10-29,78.04
BAT-0465,30,Amara Raja,2023-01-28,91.49
BAT-0466,50,Amara Raja,2023-02-17,98.06
BAT-0467,50,Exide,2023-12-28,98.72
BAT-0468,40,Amara Raja,2023-01-02,90.61
BAT-0469,40,Amara Raja,2023-03-10,94.83
BAT-0470,30,Exide,2023-05-13,83.13
BAT-0471,30,Amara Raja,2023-04-29,85.05
BAT-0472,30,Exide,2023-06-07,85.54
BAT-0473,40,Exide,2024-01-01,85.36
BAT-0474,30,Amara Raja,2023-06-16,81.49
BAT-0475,30,LG Chem,2023-04-05,91.37
BAT-0476,50,Exide,2023-03-30,97.16
BAT-0477,50,Amara Raja,2023-04-10,86.13
BAT-0478,30,LG Chem,2023-09-08,90.77
BAT-0479,50,Exide,2023-10-16,77.13
BAT-0480,50,LG Chem,2023-04-12,89.84
BAT-0481,30,Amara Raja,2023-07-24,75.15
BAT-0482,50,Exide,2023-03-20,97.54
BAT-0483,30,Amara Raja,2023-12-07,97.8
BAT-0484,30,LG Chem,2023-12-11,81.63
BAT-0485,40,Exide,2023-02-02,94.04
BAT-0486,30,Amara Raja,2023-03-14,96.02
BAT-0487,30,Amara Raja,2023-04-23,96.31
BAT-0488,50,LG Chem,2023-08-09,76.32
BAT-0489,50,Amara Raja,2023-11-05,81.77
BAT-0490,30,Exide,2023-12-23,84.07
BAT-0491,40,Exide,2023-03-23,92.24
BAT-0492,30,Amara Raja,2023-04-02,87.25
BAT-0493,40,Exide,2023-03-12,77.78
BAT-0494,30,Exide,2023-10-12,85.52
BAT-0495,30,Amara Raja,2023-12-04,89.95
BAT-0496,40,Exide,2023-05-10,84.54
BAT-0497,50,Exide,2023-08-03,76.34
BAT-0498,50,Exide,2023-12-19,91.8
BAT-0499,40,LG Chem,2023-08-03,94.01
BAT-0500,50,Exide,2023-03-03,78.04
BAT-0501,30,LG Chem,2023-11-25,94.86
BAT-0502,30,LG Chem,2023-10-28,90.12
BAT-0503,50,LG Chem,2023-08-07,76.17
BAT-0504,30,Exide,2023-09-04,87.68
BAT-0505,50,LG Chem,2023-07-14,79.71
BAT-0506,40,LG Chem,2023-03-13,84.04
BAT-0507,50,Amara Raja,2023-01-16,88.75
BAT-0508,30,LG Chem,2023-02-07,85.63
BAT-0509,50,Exide,2023-08-27,88.09
BAT-0510,50,Amara Raja,2023-03-21,79.99
BAT-0511,30,LG Chem,2023-11-09,76.51
BAT-0512,30,Amara Raja,2023-04-16,86.36
BAT-0513,40,LG Chem,2023-12-04,83.74
BAT-0514,40,Exide,2023-11-05,96.83
BAT-0515,30,Amara Raja,2023-03-24,81.24
BAT-0516,50,Exide,2023-10-11,82.2
BAT-0517,30,Exide,2023-03-05,86.09
BAT-0518,50,Amara Raja,2023-01-31,76.66
BAT-0519,50,Amara Raja,2023-11-19,96.22
BAT-0520,40,LG Chem,2023-07-20,78.99
BAT-0521,40,Amara Raja,2023-09-15,96.24
BAT-0522,40,Amara Raja,2023-03-22,82.97
BAT-0523,50,LG Chem,2023-04-19,99.76
BAT-0524,40,Amara Raja,2023-03-27,93.56
BAT-0525,30,LG Chem,2023-05-02,78.56
BAT-0526,30,Amara Raja,2023-05-28,79.55
BAT-0527,40,Exide,2023-01-05,80.17
BAT-0528,40,Amara Raja,2023-07-09,92.95
BAT-0529,50,LG Chem,2023-12-27,81.7
BAT-0530,40,Amara Raja,2023-06-23,82.05
BAT-0531,40,LG Chem,2023-02-27,79.06
BAT-0532,40,LG Chem,2023-07-30,92.62
BAT-0533,40,LG Chem,2023-08-01,84.39
BAT-0534,30,Exide,2023-01-30,93.03
BAT-0535,30,Exide,2023-03-02,84.15
BAT-0536,40,Exide,2023-03-12,76.1
BAT-0537,50,Exide,2023-04-18,99.93
BAT-0538,50,Amara Raja,2023-04-06,97.17
BAT-0539,30,LG Chem,2023-09-15,95.04
BAT-0540,30,Exide,2023-02-08,79.54
BAT-0541,40,LG Chem,2023-10-16,85.25
BAT-0542,50,LG Chem,2023-12-24,79.13
BAT-0543,50,Amara Raja,2023-08-13,82.22
BAT-0544,40,Exide,2023-04-11,76.53
BAT-0545,50,LG Chem,2023-02-22,79.15
BAT-0546,40,LG Chem,2023-09-28,96.57
BAT-0547,50,LG Chem,2023-07-06,89.85
BAT-0548,40,Exide,2023-06-08,77.67
BAT-0549,40,LG Chem,2023-08-24,91.05
BAT-0550,50,Amara Raja,2023-01-23,75.87
BAT-0551,40,Exide,2023-08-22,77.24
BAT-0552,50,Exide,2023-09-19,75.4
BAT-0553,40,Amara Raja,2023-08-25,81.34
BAT-0554,40,LG Chem,2023-01-09,86.6
BAT-0555,50,Amara Raja,2023-05-10,94.71
BAT-0556,30,Exide,2023-01-28,78.99
BAT-0557,30,LG Chem,2023-04-17,84.93
BAT-0558,40,LG Chem,2023-10-17,77.72
BAT-0559,40,LG Chem,2023-10-04,94.88
BAT-0560,30,LG Chem,2023-03-29,89.06
BAT-0561,40,Amara Raja,2023-09-05,97.77
BAT-0562,40,Amara Raja,2023-05-29,82.76
BAT-0563,40,LG Chem,2023-03-11,97.06
BAT-0564,30,Exide,2023-05-03,77.63
BAT-0565,30,Amara Raja,2023-05-04,82.05
BAT-0566,30,Exide,2023-02-02,88.31
BAT-0567,30,LG Chem,2023-06-30,99.6
BAT-0568,40,Exide,2023-09-06,83.0
BAT-0569,30,LG Chem,2023-02-10,75.02
BAT-0570,30,LG Chem,2023-03-01,78.34
BAT-0571,40,Amara Raja,2023-06-18,82.42
BAT-0572,40,Amara Raja,2023-12-02,95.44
BAT-0573,30,LG Chem,2023-07-04,89.15
BAT-0574,30,Amara Raja,2023-07-23,92.98
BAT-0575,30,LG Chem,2023-10-19,85.09
BAT-0576,40,LG Chem,2023-10-06,92.02
BAT-0577,40,Amara Raja,2023-05-18,79.5
BAT-0578,40,LG Chem,2023-08-01,83.62
BAT-0579,40,Amara Raja,2023-05-09,77.29
BAT-0580,40,LG Chem,2023-06-01,79.98
BAT-0581,30,LG Chem,2023-02-17,88.75
BAT-0582,40,LG Chem,2023-09-16,85.4
BAT-0583,30,Amara Raja,2023-05-17,76.16
BAT-0584,40,LG Chem,2023-12-18,93.1
BAT-0585,30,LG Chem,2023-03-17,83.31
BAT-0586,50,Exide,2023-10-09,99.54
BAT-0587,50,LG Chem,2023-03-18,80.37
BAT-0588,50,LG Chem,2023-02-19,96.97
BAT-0589,40,Exide,2023-12-04,93.71
BAT-0590,40,Exide,2023-01-13,75.9
BAT-0591,30,LG Chem,2023-12-07,86.29
BAT-0592,50,Exide,2023-10-31,87.38
BAT-0593,30,Amara Raja,2023-07-12,76.4
BAT-0594,50,Exide,2023-02-19,85.15
BAT-0595,40,LG Chem,2023-12-09,87.98
BAT-0596,40,LG Chem,2023-05-06,83.74
BAT-0597,30,Amara Raja,2023-07-23,81.86
BAT-0598,30,Amara Raja,2023-12-19,76.62
BAT-0599,50,Exide,2023-07-30,86.17
BAT-0600,30,Exide,2023-04-26,93.43
BAT-0601,30,Amara Raja,2023-04-23,78.64
BAT-0602,30,Amara Raja,2023-09-22,79.63
BAT-0603,30,Exide,2023-06-03,85.49
BAT-0604,50,Amara Raja,2023-05-05,97.72
BAT-0605,30,Amara Raja,2023-01-25,86.33
BAT-0606,50,Exide,2023-03-02,98.75
BAT-0607,50,LG Chem,2023-10-31,96.64
BAT-0608,50,LG Chem,2023-01-14,92.16
BAT-0609,30,Amara Raja,2023-10-03,98.68
BAT-0610,50,Amara Raja,2023-01-02,82.45
BAT-0611,50,Exide,2023-10-11,76.48
BAT-0612,50,Exide,2023-01-30,93.18
BAT-0613,30,Exide,2023-12-07,94.69
BAT-0614,40,LG Chem,2023-08-08,77.96
BAT-0615,50,Exide,2023-04-04,96.79
BAT-0616,30,Amara Raja,2023-07-04,80.69
BAT-0617,50,Amara Raja,2023-01-28,81.6
BAT-0618,50,Exide,2023-05-19,99.37
BAT-0619,40,Exide,2023-11-22,86.61
BAT-0620,50,Amara Raja,2023-06-28,84.29
BAT-0621,40,LG Chem,2023-06-12,95.34
BAT-0622,30,Exide,2023-06-26,92.24
BAT-0623,50,Amara Raja,2023-05-24,98.07
BAT-0624,50,Amara Raja,2023-07-22,76.63
BAT-0625,40,LG Chem,2023-12-20,95.63
BAT-0626,30,Amara Raja,2023-07-15,89.51
BAT-0627,40,LG Chem,2023-02-21,75.8
BAT-0628,30,Exide,2023-11-28,89.16
BAT-0629,40,Exide,2023-03-04,81.23
BAT-0630,40,LG Chem,2023-09-03,93.17
BAT-0631,40,Exide,2023-08-25,81.44
BAT-0632,50,Exide,2023-09-09,77.94
BAT-0633,50,Exide,2023-10-15,82.14
BAT-0634,40,LG Chem,2023-08-30,81.39
BAT-0635,30,LG Chem,2023-09-15,81.71
BAT-0636,30,LG Chem,2023-03-20,87.56
BAT-0637,40,LG Chem,2023-02-08,87.96
BAT-0638,40,Exide,2023-04-25,79.91
BAT-0639,40,Exide,2023-11-28,78.42
BAT-0640,40,Exide,2023-07-26,77.22
BAT-0641,40,Exide,2023-03-20,92.76
BAT-0642,40,Exide,2023-11-20,92.34
BAT-0643,30,Amara Raja,2023-11-25,99.4
BAT-0644,50,LG Chem,2023-06-20,82.97
BAT-0645,50,Amara Raja,2023-12-24,81.04
BAT-0646,50,LG Chem,2023-05-02,98.96
BAT-0647,40,Exide,2023-10-21,86.6
BAT-0648,50,Exide,2023-01-19,97.84
BAT-0649,50,LG Chem,2023-07-18,81.93
BAT-0650,40,Amara Raja,2023-11-08,84.17
BAT-0651,40,Exide,2023-03-12,80.94
BAT-0652,50,Amara Raja,2023-03-06,76.62
BAT-0653,30,Exide,2023-09-13,87.26
BAT-0654,50,Exide,2023-09-11,93.32
BAT-0655,40,LG Chem,2023-01-03,78.84
BAT-0656,50,Exide,2023-03-04,89.01
BAT-0657,30,LG Chem,2023-04-08,87.97
BAT-0658,40,Amara Raja,2023-03-09,94.13
BAT-0659,40,Exide,2023-11-21,88.61
BAT-0660,40,LG Chem,2023-02-04,89.39
BAT-0661,30,Amara Raja,2023-10-05,92.58
BAT-0662,40,Exide,2023-10-29,79.97
BAT-0663,40,Exide,2023-06-02,80.09
BAT-0664,50,Exide,2023-05-01,77.94
BAT-0665,50,Amara Raja,2023-03-13,85.57
BAT-0666,50,Exide,2023-09-12,94.33
BAT-0667,50,Exide,2023-03-18,87.5
BAT-0668,40,LG Chem,2023-08-12,80.84
BAT-0669,50,LG Chem,2023-10-31,86.01
BAT-0670,50,Exide,2023-06-24,87.23
BAT-0671,50,LG Chem,2023-04-06,82.5
BAT-0672,40,LG Chem,2023-06-11,88.96
BAT-0673,30,Exide,2023-11-20,93.68
BAT-0674,30,Exide,2023-12-23,80.8
BAT-0675,30,Amara Raja,2023-08-28,77.38
BAT-0676,50,Exide,2023-12-13,86.83
BAT-0677,50,Exide,2023-04-13,97.59
BAT-0678,30,Amara Raja,2023-11-07,91.15
BAT-0679,40,Amara Raja,2023-01-06,79.08
BAT-0680,30,LG Chem,2023-10-01,75.15
BAT-0681,30,LG Chem,2023-02-18,78.9
BAT-0682,40,Exide,2023-02-08,93.52
BAT-0683,40,Exide,2023-03-02,95.74
BAT-0684,40,Amara Raja,2023-04-10,80.55
BAT-0685,30,LG Chem,2023-08-05,96.56
BAT-0686,50,Amara Raja,2023-02-09,88.43
BAT-0687,50,LG Chem,2023-02-05,82.97
BAT-0688,40,Exide,2023-01-19,76.35
BAT-0689,40,Exide,2023-05-06,97.62
BAT-0690,50,Exide,2023-02-17,91.51
BAT-0691,30,LG Chem,2023-10-23,97.69
BAT-0692,40,Exide,2023-07-27,75.76
BAT-0693,30,Exide,2023-10-10,77.66
BAT-0694,40,Amara Raja,2023-06-15,75.76
BAT-0695,40,Exide,2023-05-10,76.33
BAT-0696,50,LG Chem,2023-12-31,96.67
BAT-0697,50,LG Chem,2023-02-05,87.56
BAT-0698,40,Amara Raja,2023-11-29,76.14
BAT-0699,50,Exide,2023-08-10,78.0
BAT-0700,30,Exide,2023-02-05,99.08
BAT-0701,30,LG Chem,2023-03-08,86.58
BAT-0702,30,Amara Raja,2023-09-25,78.47
BAT-0703,30,Exide,2023-07-09,89.16
BAT-0704,30,Amara Raja,2023-09-11,78.12
BAT-0705,40,LG Chem,2023-05-20,95.25
BAT-0706,40,LG Chem,2023-12-17,76.24
BAT-0707,40,Amara Raja,2023-09-21,95.21
BAT-0708,40,Amara Raja,2023-11-21,80.69
BAT-0709,40,Exide,2023-11-12,99.25
BAT-0710,40,Exide,2023-05-21,89.97
BAT-0711,50,Exide,2023-06-12,98.65
BAT-0712,30,LG Chem,2023-09-07,85.98
BAT-0713,50,LG Chem,2023-10-17,88.21
BAT-0714,50,Exide,2023-08-16,89.06
BAT-0715,30,Exide,2023-10-21,82.24
BAT-0716,40,Exide,2023-11-01,80.03
BAT-0717,50,Amara Raja,2023-08-23,81.52
BAT-0718,30,LG Chem,2023-11-16,91.75
BAT-0719,50,Amara Raja,2023-10-21,93.17
BAT-0720,50,LG Chem,2023-10-07,99.6
BAT-0721,50,LG Chem,2023-06-06,96.18
BAT-0722,50,LG Chem,2023-04-14,87.95
BAT-0723,50,Exide,2023-01-14,89.68
BAT-0724,30,Amara Raja,2023-11-06,83.75
BAT-0725,30,Exide,2023-01-10,95.04
BAT-0726,30,Exide,2023-03-22,84.73
BAT-0727,30,Amara Raja,2023-07-13,92.81
BAT-0728,40,Amara Raja,2023-12-29,83.6
BAT-0729,50,Amara Raja,2023-08-28,80.99
BAT-0730,40,Exide,2023-11-01,75.52
BAT-0731,30,LG Chem,2023-05-20,79.77
BAT-0732,30,LG Chem,2023-03-09,77.91
BAT-0733,30,Exide,2023-07-02,81.39
BAT-0734,30,Amara Raja,2023-04-26,95.92
BAT-0735,40,LG Chem,2023-05-07,88.07
BAT-0736,50,Exide,2023-05-31,82.12
BAT-0737,40,Amara Raja,2023-03-08,98.21
BAT-0738,40,LG Chem,2023-07-08,79.31
BAT-0739,40,Exide,2023-08-04,79.35
BAT-0740,40,Amara Raja,2023-03-19,90.88
BAT-0741,50,LG Chem,2023-06-21,76.94
BAT-0742,40,LG Chem,2023-02-27,97.6
BAT-0743,50,LG Chem,2023-11-04,87.53
BAT-0744,50,Exide,2023-09-15,89.21
BAT-0745,50,Exide,2023-09-13,87.15
BAT-0746,40,LG Chem,2023-06-04,86.77
BAT-0747,40,Exide,2023-02-15,95.91
BAT-0748,50,Exide,2023-06-21,87.26
BAT-0749,40,Exide,2023-09-21,78.42
BAT-0750,40,Exide,2023-12-31,87.31
BAT-0751,50,LG Chem,2023-06-22,90.16
BAT-0752,40,Amara Raja,2023-03-28,77.77
BAT-0753,30,Exide,2023-12-23,93.62
BAT-0754,50,Exide,2023-10-11,77.68
BAT-0755,50,Amara Raja,2023-08-11,76.45
BAT-0756,30,Exide,2023-03-01,78.17
BAT-0757,30,Amara Raja,2023-04-22,87.97
BAT-0758,50,LG Chem,2023-06-23,84.94
BAT-0759,50,LG Chem,2023-06-08,96.01
BAT-0760,50,LG Chem,2023-03-18,94.53
BAT-0761,50,LG Chem,2023-05-04,92.72
BAT-0762,40,Exide,2023-01-08,98.92
BAT-0763,40,Amara Raja,2023-04-16,88.36
BAT-0764,30,Exide,2023-12-04,79.96
BAT-0765,50,Exide,2023-03-07,92.46
BAT-0766,50,Amara Raja,2023-04-19,89.19
BAT-0767,40,LG Chem,2023-07-12,81.29
BAT-0768,40,LG Chem,2023-07-21,80.87
BAT-0769,30,LG Chem,2023-10-31,98.84
BAT-0770,40,Exide,2023-10-15,95.94
BAT-0771,30,Amara Raja,2023-10-10,93.63
BAT-0772,50,Amara Raja,2023-11-05,84.0
BAT-0773,40,Amara Raja,2023-07-17,78.14
BAT-0774,50,Amara Raja,2023-01-17,96.5
BAT-0775,50,Exide,2023-07-23,97.19
BAT-0776,40,Amara Raja,2023-05-24,76.72
BAT-0777,30,Exide,2023-02-23,92.86
BAT-0778,50,LG Chem,2023-05-01,88.77
BAT-0779,40,Exide,2023-11-27,81.52
BAT-0780,30,LG Chem,2023-04-14,82.52
BAT-0781,50,Exide,2023-01-24,97.13
BAT-0782,30,Amara Raja,2023-04-26,76.26
BAT-0783,50,Exide,2023-06-04,93.57
BAT-0784,50,Exide,2023-06-10,91.0
BAT-0785,40,LG Chem,2023-12-28,83.27
BAT-0786,50,Amara Raja,2023-11-26,86.17
BAT-0787,30,Exide,2023-10-05,84.48
BAT-0788,50,Amara Raja,2023-06-27,97.46
BAT-0789,50,LG Chem,2023-07-27,78.03
BAT-0790,40,Exide,2023-03-09,82.32
BAT-0791,30,LG Chem,2023-02-06,93.17
BAT-0792,50,Amara Raja,2023-10-01,84.68
BAT-0793,40,Exide,2023-04-06,82.25
BAT-0794,50,Exide,2023-07-30,77.03
BAT-0795,30,Exide,2023-11-09,86.68
BAT-0796,40,Amara Raja,2023-03-27,92.13
BAT-0797,30,Exide,2023-01-19,75.47
BAT-0798,40,Exide,2023-08-07,94.86
BAT-0799,50,Amara Raja,2023-11-24,95.98
BAT-0800,50,Amara Raja,2023-09-03,87.5
BAT-0801,50,Exide,2023-04-20,85.84
BAT-0802,40,Amara Raja,2023-07-23,80.61
BAT-0803,30,Exide,2023-03-30,93.99
BAT-0804,30,LG Chem,2023-01-11,79.96
BAT-0805,40,Amara Raja,2023-09-11,78.29
BAT-0806,50,Exide,2023-02-23,75.97
BAT-0807,40,Exide,2023-01-29,89.77
BAT-0808,50,Amara Raja,2023-04-03,90.69
BAT-0809,40,Amara Raja,2023-03-26,76.43
BAT-0810,50,Amara Raja,2023-04-14,78.07
BAT-0811,30,Exide,2023-12-09,81.27
BAT-0812,30,Amara Raja,2023-09-19,84.64
BAT-0813,40,Exide,2023-09-11,99.14
BAT-0814,40,Exide,2023-02-26,90.11
BAT-0815,50,Amara Raja,2023-03-19,92.54
BAT-0816,30,Amara Raja,2023-12-21,83.02
BAT-0817,40,LG Chem,2023-07-18,80.95
BAT-0818,30,Exide,2023-10-14,88.04
BAT-0819,50,Exide,2023-05-21,94.59
BAT-0820,30,Amara Raja,2023-05-20,89.99
BAT-0821,40,LG Chem,2023-07-07,82.49
BAT-0822,40,Exide,2023-09-14,91.4
BAT-0823,30,Exide,2023-03-24,97.79
BAT-0824,40,Amara Raja,2023-04-24,79.97
BAT-0825,30,Exide,2023-07-08,89.6
BAT-0826,50,Exide,2023-03-04,84.94
BAT-0827,30,Exide,2023-10-07,88.67
BAT-0828,30,Amara Raja,2023-03-08,77.91
BAT-0829,30,Amara Raja,2023-05-15,85.96
BAT-0830,50,Exide,2023-08-07,75.7
BAT-0831,30,Exide,2023-01-22,87.6
BAT-0832,50,Amara Raja,2023-09-18,90.71
BAT-0833,40,Exide,2023-07-26,81.8
BAT-0834,50,LG Chem,2023-02-04,97.45
BAT-0835,50,LG Chem,2023-06-06,92.78
BAT-0836,40,Exide,2023-05-09,80.29
BAT-0837,40,LG Chem,2023-01-06,88.66
BAT-0838,50,LG Chem,2023-04-09,81.07
BAT-0839,30,Amara Raja,2023-10-10,92.76
BAT-0840,50,LG Chem,2023-04-10,84.45
BAT-0841,30,Amara Raja,2023-02-17,75.13
BAT-0842,30,Amara Raja,2023-10-10,93.83
BAT-0843,50,LG Chem,2023-04-23,99.34
BAT-0844,40,Exide,2023-03-10,97.87
BAT-0845,30,Exide,2023-07-23,87.53
BAT-0846,30,Exide,2023-10-02,99.82
BAT-0847,50,Exide,2023-07-17,76.82
BAT-0848,30,LG Chem,2023-06-07,88.3
BAT-0849,40,Amara Raja,2023-01-06,96.77
BAT-0850,30,Exide,2023-08-07,75.05
BAT-0851,30,Exide,2023-05-29,99.37
BAT-0852,50,Exide,2023-02-21,81.76
BAT-0853,30,Amara Raja,2023-01-17,92.3
BAT-0854,30,Exide,2023-11-30,89.72
BAT-0855,50,Amara Raja,2023-06-10,95.69
BAT-0856,30,Amara Raja,2023-04-14,86.79
BAT-0857,50,Exide,2023-11-02,97.53
BAT-0858,30,LG Chem,2023-05-03,84.33
BAT-0859,40,Amara Raja,2023-04-15,98.41
BAT-0860,50,Exide,2023-12-20,93.52
BAT-0861,40,LG Chem,2023-09-11,89.97
BAT-0862,50,Amara Raja,2023-06-14,91.15
BAT-0863,30,Amara Raja,2023-02-20,92.09
BAT-0864,30,LG Chem,2023-09-20,90.7
BAT-0865,30,LG Chem,2023-04-25,83.13
BAT-0866,40,Exide,2023-06-04,90.58
BAT-0867,40,Amara Raja,2023-02-28,76.05
BAT-0868,30,Amara Raja,2023-11-25,91.83
BAT-0869,50,Amara Raja,2023-11-03,90.31
BAT-0870,40,Exide,2023-07-22,78.7
BAT-0871,30,Exide,2023-12-01,98.19
BAT-0872,40,LG Chem,2023-10-25,79.4
BAT-0873,40,Exide,2023-10-30,78.62
BAT-0874,40,Amara Raja,2023-08-16,91.98
BAT-0875,40,Exide,2023-02-17,77.54
BAT-0876,30,Amara Raja,2023-05-03,92.75
BAT-0877,50,Amara Raja,2023-06-28,81.68
BAT-0878,40,Exide,2023-06-09,78.62
BAT-0879,40,Amara Raja,2023-11-17,82.72
BAT-0880,50,Exide,2023-02-27,95.05
BAT-0881,50,Amara Raja,2023-06-18,89.83
BAT-0882,40,Amara Raja,2023-11-14,81.52
BAT-0883,30,LG Chem,2023-09-28,83.23
BAT-0884,50,LG Chem,2023-03-12,77.17
BAT-0885,30,Exide,2023-12-31,86.6
BAT-0886,50,Amara Raja,2023-12-18,81.44
BAT-0887,50,Amara Raja,2023-12-17,78.02
BAT-0888,30,Amara Raja,2023-08-30,95.31
BAT-0889,40,Exide,2023-08-03,86.86
BAT-0890,30,Amara Raja,2023-07-28,99.76
BAT-0891,30,Amara Raja,2023-11-06,79.07
BAT-0892,30,Exide,2023-08-06,85.98
BAT-0893,30,Exide,2023-07-30,78.39
BAT-0894,30,Exide,2023-08-13,95.19
BAT-0895,50,LG Chem,2023-06-29,95.77
BAT-0896,50,Amara Raja,2023-08-06,99.53
BAT-0897,50,Exide,2023-07-02,97.63
BAT-0898,50,Amara Raja,2023-06-16,86.56
BAT-0899,50,Amara Raja,2023-08-03,96.94
BAT-0900,50,Exide,2023-07-24,83.06
BAT-0901,50,LG Chem,2023-08-07,93.86
BAT-0902,50,LG Chem,2023-05-08,81.01
BAT-0903,50,Amara Raja,2023-10-21,99.33
BAT-0904,40,Amara Raja,2023-04-02,80.19
BAT-0905,40,Amara Raja,2023-07-20,89.81
BAT-0906,40,LG Chem,2023-10-24,90.26
BAT-0907,50,LG Chem,2023-12-08,84.87
BAT-0908,40,Exide,2023-12-28,78.77
BAT-0909,50,Amara Raja,2023-11-03,89.51
BAT-0910,50,Exide,2023-07-20,99.72
BAT-0911,50,LG Chem,2023-08-17,75.99
BAT-0912,50,LG Chem,2023-08-01,79.91
BAT-0913,50,LG Chem,2023-10-03,83.33
BAT-0914,40,Exide,2023-07-19,90.73
BAT-0915,50,Exide,2023-02-20,91.7
BAT-0916,30,Exide,2023-09-14,83.11
BAT-0917,40,Exide,2023-10-15,98.93
BAT-0918,30,Exide,2023-07-13,75.73
BAT-0919,50,LG Chem,2023-08-18,93.77
BAT-0920,40,Exide,2023-01-19,84.04
BAT-0921,40,Exide,2023-12-15,98.33
BAT-0922,50,Amara Raja,2023-11-15,92.73
BAT-0923,40,LG Chem,2023-05-13,87.37
BAT-0924,40,LG Chem,2023-05-09,80.93
BAT-0925,40,LG Chem,2023-12-03,95.06
BAT-0926,40,Amara Raja,2023-11-11,89.86
BAT-0927,30,LG Chem,2023-07-08,94.14
BAT-0928,50,Exide,2023-09-29,79.31
BAT-0929,40,LG Chem,2023-08-31,86.71
BAT-0930,30,Amara Raja,2023-06-17,82.95
BAT-0931,50,LG Chem,2023-01-19,78.97
BAT-0932,40,Amara Raja,2023-12-03,90.24
BAT-0933,30,Exide,2023-07-02,94.11
BAT-0934,40,LG Chem,2023-12-23,99.88
BAT-0935,50,LG Chem,2023-09-12,91.83
BAT-0936,50,Amara Raja,2023-03-25,96.94
BAT-0937,40,LG Chem,2023-10-27,88.26
BAT-0938,30,Amara Raja,2023-06-27,97.66
BAT-0939,50,Amara Raja,2023-11-09,80.56
BAT-0940,50,Exide,2023-06-08,84.69
BAT-0941,50,LG Chem,2023-07-29,94.64
BAT-0942,40,Amara Raja,2023-03-18,77.51
BAT-0943,30,Amara Raja,2023-11-03,85.22
BAT-0944,40,Amara Raja,2023-09-29,86.68
BAT-0945,30,Exide,2023-11-16,91.46
BAT-0946,40,Exide,2023-08-07,93.93
BAT-0947,30,Amara Raja,2023-03-04,85.13
BAT-0948,30,LG Chem,2023-02-27,84.84
BAT-0949,50,Amara Raja,2023-06-10,99.1
BAT-0950,40,LG Chem,2023-02-28,86.6
BAT-0951,50,Exide,2023-11-17,77.23
BAT-0952,50,Exide,2023-02-15,86.58
BAT-0953,30,Amara Raja,2023-11-24,78.35
BAT-0954,40,Exide,2023-09-27,97.21
BAT-0955,30,LG Chem,2023-07-05,88.5
BAT-0956,30,LG Chem,2023-11-01,75.02
BAT-0957,40,Exide,2023-04-25,77.88
BAT-0958,50,Exide,2023-06-16,75.0
BAT-0959,30,Amara Raja,2023-05-31,84.69
BAT-0960,30,Amara Raja,2023-05-21,80.15
BAT-0961,50,Exide,2023-01-23,86.37
BAT-0962,50,Amara Raja,2023-02-21,77.7
BAT-0963,50,LG Chem,2023-11-28,80.8
BAT-0964,40,LG Chem,2023-11-25,78.83
BAT-0965,30,LG Chem,2023-06-23,77.95
BAT-0966,50,Amara Raja,2023-03-09,76.55
BAT-0967,30,Amara Raja,2023-12-07,94.22
BAT-0968,30,LG Chem,2023-01-15,83.51
BAT-0969,30,Amara Raja,2023-06-20,76.43
BAT-0970,40,Amara Raja,2023-02-25,78.23
BAT-0971,50,LG Chem,2023-02-10,95.15
BAT-0972,50,Amara Raja,2023-01-14,81.93
BAT-0973,50,LG Chem,2023-12-25,93.68
BAT-0974,50,Amara Raja,2023-12-21,82.68
BAT-0975,40,Exide,2023-05-25,93.91
BAT-0976,50,Exide,2023-11-07,80.89
BAT-0977,40,LG Chem,2023-12-17,84.34
BAT-0978,40,LG Chem,2023-10-05,99.94
BAT-0979,50,Exide,2023-07-27,97.65
BAT-0980,40,Amara Raja,2023-08-24,82.36
BAT-0981,40,LG Chem,2023-01-25,91.59
BAT-0982,30,LG Chem,2023-05-15,86.2
BAT-0983,30,LG Chem,2023-08-13,92.67
BAT-0984,30,Exide,2023-10-18,87.29
BAT-0985,50,LG Chem,2023-04-11,83.89
BAT-0986,30,Amara Raja,2023-09-14,84.33
BAT-0987,30,Exide,2023-11-01,80.03
BAT-0988,50,LG Chem,2023-02-10,89.85
BAT-0989,40,Amara Raja,2023-09-22,78.81
BAT-0990,50,LG Chem,2023-03-04,84.69
BAT-0991,30,LG Chem,2023-01-20,86.84
BAT-0992,40,Amara Raja,2023-03-04,89.07
BAT-0993,50,LG Chem,2023-07-21,76.03
BAT-0994,40,Amara Raja,2023-01-13,76.88
BAT-0995,30,Amara Raja,2023-02-07,95.65
BAT-0996,40,Exide,2023-03-28,76.15
BAT-0997,30,Exide,2023-04-03,94.52
BAT-0998,50,Exide,2024-01-01,91.2
BAT-0999,30,Amara Raja,2023-11-29,86.02
BAT-1000,50,LG Chem,2023-01-31,78.34
BAT-1001,50,Exide,2023-01-17,97.86
BAT-1002,30,LG Chem,2023-05-24,78.19
BAT-1003,40,Exide,2023-10-07,89.67
BAT-1004,50,LG Chem,2023-09-09,97.15
BAT-1005,40,Exide,2023-04-17,97.72
BAT-1006,40,Amara Raja,2023-03-11,76.84
BAT-1007,30,Exide,2023-06-14,82.37
BAT-1008,50,Exide,2023-02-22,81.07
BAT-1009,40,Amara Raja,2023-09-30,82.45
BAT-1010,30,LG Chem,2023-03-16,86.98
BAT-1011,40,Amara Raja,2023-09-06,92.16
BAT-1012,30,Exide,2023-03-04,89.08
BAT-1013,30,LG Chem,2023-09-23,75.03
BAT-1014,30,LG Chem,2023-05-09,75.26
BAT-1015,50,Exide,2023-03-20,87.1
BAT-1016,30,Exide,2023-01-08,98.47
BAT-1017,50,Exide,2023-04-30,84.34
BAT-1018,30,LG Chem,2023-11-11,93.35
BAT-1019,40,Exide,2023-04-25,84.81
BAT-1020,30,Amara Raja,2023-01-20,99.31
BAT-1021,50,Amara Raja,2023-09-17,99.08
BAT-1022,50,LG Chem,2023-11-03,79.89
BAT-1023,50,Amara Raja,2023-03-14,97.6
BAT-1024,40,Amara Raja,2023-09-18,89.55
BAT-1025,50,LG Chem,2023-12-13,91.82
BAT-1026,50,Exide,2023-12-02,93.66
BAT-1027,30,LG Chem,2023-11-23,99.14
BAT-1028,50,Amara Raja,2023-12-25,87.85
BAT-1029,50,LG Chem,2023-09-01,78.14
BAT-1030,40,Amara Raja,2023-10-17,89.87
BAT-1031,40,LG Chem,2023-05-08,99.43
BAT-1032,40,Exide,2023-09-20,97.04
BAT-1033,50,LG Chem,2023-03-21,93.22
BAT-1034,40,Exide,2023-04-28,78.62
BAT-1035,50,Exide,2023-05-15,81.41
BAT-1036,30,Amara Raja,2023-05-25,96.78
BAT-1037,50,Amara Raja,2023-10-30,82.5
BAT-1038,50,Exide,2023-01-17,81.55
BAT-1039,40,LG Chem,2023-01-05,91.33
BAT-1040,40,Exide,2023-09-26,77.91
BAT-1041,50,LG Chem,2023-09-22,75.86
BAT-1042,50,Amara Raja,2023-12-26,91.44
BAT-1043,50,LG Chem,2023-11-15,96.34
BAT-1044,40,Amara Raja,2023-03-15,94.32
BAT-1045,40,Amara Raja,2023-02-20,81.09
BAT-1046,50,Exide,2023-06-07,82.84
BAT-1047,40,Exide,2023-10-25,79.27
BAT-1048,40,Amara Raja,2023-01-21,82.1
BAT-1049,50,LG Chem,2023-10-12,96.69
BAT-1050,40,Amara Raja,2023-06-23,90.63
BAT-1051,50,Exide,2023-08-02,80.58
BAT-1052,30,Exide,2023-01-21,76.69
BAT-1053,30,LG Chem,2023-08-31,84.08
BAT-1054,50,LG Chem,2023-09-22,89.61
BAT-1055,30,Exide,2023-03-04,91.01
BAT-1056,40,Amara Raja,2023-02-13,89.5
BAT-1057,50,LG Chem,2023-10-17,89.41
BAT-1058,30,Exide,2023-05-03,90.37
BAT-1059,50,Amara Raja,2023-06-27,97.42
BAT-1060,30,Exide,2023-11-28,77.97
BAT-1061,40,LG Chem,2023-02-09,86.25
BAT-1062,30,LG Chem,2023-09-30,99.43
BAT-1063,30,LG Chem,2023-12-30,87.58
BAT-1064,40,LG Chem,2023-12-26,82.27
BAT-1065,40,Exide,2023-11-08,97.3
BAT-1066,40,LG Chem,2023-01-02,78.71
BAT-1067,50,LG Chem,2023-08-10,87.03
BAT-1068,30,Exide,2023-06-01,75.6
BAT-1069,40,Amara Raja,2023-07-08,79.45
BAT-1070,30,LG Chem,2023-08-04,87.67
BAT-1071,30,Exide,2023-06-30,82.05
BAT-1072,50,LG Chem,2023-02-01,79.25
BAT-1073,50,LG Chem,2023-04-28,90.98
BAT-1074,50,Amara Raja,2023-12-03,94.37
BAT-1075,30,Exide,2023-03-27,97.26
BAT-1076,40,Amara Raja,2023-06-21,85.56
BAT-1077,30,Amara Raja,2023-06-06,93.44
BAT-1078,40,LG Chem,2023-04-11,80.15
BAT-1079,50,LG Chem,2023-02-18,91.23
BAT-1080,40,Exide,2023-03-12,98.08
BAT-1081,50,LG Chem,2023-04-02,76.92
BAT-1082,50,Amara Raja,2023-09-17,90.81
BAT-1083,30,Exide,2023-01-14,78.88
BAT-1084,40,LG Chem,2023-04-26,90.02
BAT-1085,40,LG Chem,2023-02-02,93.47
BAT-1086,50,Amara Raja,2023-01-11,87.27
BAT-1087,40,LG Chem,2023-10-18,91.9
BAT-1088,30,Exide,2023-11-27,99.85
BAT-1089,30,Exide,2023-05-12,94.34
BAT-1090,50,Amara Raja,2023-04-29,88.88
BAT-1091,40,Exide,2023-01-25,88.17
BAT-1092,40,LG Chem,2023-02-17,89.48
BAT-1093,30,Exide,2023-10-31,82.17
BAT-1094,50,Exide,2023-10-21,77.27
BAT-1095,50,Amara Raja,2023-10-18,88.2
BAT-1096,30,LG Chem,2023-01-23,85.8
BAT-1097,50,LG Chem,2023-06-06,88.6
BAT-1098,30,Amara Raja,2023-11-18,83.16
BAT-1099,30,LG Chem,2023-12-19,87.96
BAT-1100,40,Amara Raja,2023-10-26,93.58
BAT-1101,50,LG Chem,2023-02-19,98.63
BAT-1102,50,Exide,2023-10-03,95.76
BAT-1103,50,LG Chem,2023-12-06,82.18
BAT-1104,40,LG Chem,2023-01-26,96.64
BAT-1105,50,Exide,2023-11-18,75.63
BAT-1106,40,Amara Raja,2023-01-15,87.43
BAT-1107,40,Exide,2023-01-07,76.28
BAT-1108,30,Amara Raja,2023-03-29,93.54
BAT-1109,40,LG Chem,2023-01-31,77.42
BAT-1110,30,Amara Raja,2023-10-07,85.43
BAT-1111,50,Exide,2023-08-11,90.66
BAT-1112,50,LG Chem,2023-08-05,78.31
BAT-1113,30,Exide,2023-08-02,98.04
BAT-1114,50,LG Chem,2023-03-31,86.2
BAT-1115,50,LG Chem,2023-01-20,86.28
BAT-1116,30,LG Chem,2023-10-26,85.28
BAT-1117,50,Amara Raja,2023-11-27,92.86
BAT-1118,30,Amara Raja,2023-08-14,76.38
BAT-1119,30,LG Chem,2023-04-06,83.43
BAT-1120,30,Amara Raja,2023-08-09,79.83
BAT-1121,50,Amara Raja,2023-10-23,76.71
BAT-1122,30,LG Chem,2023-04-01,85.23
BAT-1123,30,Amara Raja,2023-01-28,90.64
BAT-1124,50,Exide,2023-07-20,92.99
BAT-1125,40,LG Chem,2023-02-25,79.79
BAT-1126,30,Exide,2023-03-13,91.67
BAT-1127,50,LG Chem,2023-11-22,78.86
BAT-1128,40,LG Chem,2023-01-26,91.55
BAT-1129,50,Exide,2023-08-13,87.41
BAT-1130,40,Exide,2023-12-17,84.02
BAT-1131,40,LG Chem,2023-08-06,85.34
BAT-1132,40,LG Chem,2023-06-29,96.55
BAT-1133,40,Amara Raja,2023-11-14,96.87
BAT-1134,40,Exide,2023-11-26,75.63
BAT-1135,40,Amara Raja,2023-05-12,88.45
BAT-1136,30,Exide,2023-03-24,87.51
BAT-1137,30,Exide,2023-06-02,98.0
BAT-1138,30,Exide,2023-11-28,97.49
BAT-1139,40,Exide,2023-05-18,95.66
BAT-1140,40,LG Chem,2023-12-14,84.43
BAT-1141,50,LG Chem,2023-06-14,85.81
BAT-1142,50,Exide,2023-07-08,88.48
BAT-1143,50,Exide,2023-02-12,94.69
BAT-1144,30,LG Chem,2023-02-01,88.27
BAT-1145,50,Exide,2023-01-29,76.88
BAT-1146,40,LG Chem,2023-11-23,94.23
BAT-1147,40,Amara Raja,2023-07-14,80.23
BAT-1148,30,Amara Raja,2023-02-23,76.97
BAT-1149,30,Amara Raja,2023-12-07,89.83
BAT-1150,40,Exide,2023-03-05,87.95
BAT-1151,30,Exide,2023-11-30,76.34
BAT-1152,30,Amara Raja,2023-07-09,77.69
BAT-1153,30,Exide,2023-05-05,77.43
BAT-1154,30,LG Chem,2023-10-21,84.93
BAT-1155,40,Amara Raja,2023-04-27,92.9
BAT-1156,50,Exide,2023-10-02,80.31
BAT-1157,30,LG Chem,2023-06-27,98.39
BAT-1158,50,Amara Raja,2023-07-09,88.71
BAT-1159,50,Exide,2023-12-02,76.18
BAT-1160,50,Amara Raja,2023-01-29,82.16
BAT-1161,30,LG Chem,2023-06-27,81.17
BAT-1162,40,LG Chem,2023-07-27,96.08
BAT-1163,50,Amara Raja,2023-06-07,75.05
BAT-1164,50,Amara Raja,2023-10-07,77.23
BAT-1165,40,LG Chem,2023-07-06,94.49
BAT-1166,40,LG Chem,2023-02-08,83.59
BAT-1167,50,LG Chem,2023-03-01,93.36
BAT-1168,50,Exide,2023-07-19,81.5
BAT-1169,40,Amara Raja,2023-08-22,82.11
BAT-1170,50,LG Chem,2023-06-14,96.62
BAT-1171,50,LG Chem,2023-12-25,77.35
BAT-1172,30,LG Chem,2023-11-02,94.46
BAT-1173,30,Exide,2023-02-11,96.24
BAT-1174,50,Amara Raja,2023-11-08,81.88
BAT-1175,50,LG Chem,2023-12-15,78.07
BAT-1176,30,Exide,2023-12-24,92.52
BAT-1177,40,LG Chem,2023-10-28,83.69
BAT-1178,30,LG Chem,2023-06-15,98.81
BAT-1179,50,Amara Raja,2023-01-16,93.69
BAT-1180,30,LG Chem,2023-05-02,85.78
BAT-1181,40,LG Chem,2023-03-19,81.2
BAT-1182,40,LG Chem,2023-05-09,99.39
BAT-1183,30,Exide,2023-10-04,95.86
BAT-1184,40,Exide,2023-12-09,86.91
BAT-1185,40,LG Chem,2023-10-17,83.2
BAT-1186,30,Amara Raja,2023-02-22,88.78
BAT-1187,50,LG Chem,2023-01-15,85.5
BAT-1188,30,Exide,2023-03-26,98.05
BAT-1189,30,Amara Raja,2023-11-22,78.79
BAT-1190,40,Exide,2023-07-29,76.02
BAT-1191,30,LG Chem,2023-12-30,98.02
BAT-1192,40,LG Chem,2023-08-18,83.68
BAT-1193,30,LG Chem,2023-07-17,78.73
BAT-1194,40,Exide,2023-04-26,92.55
BAT-1195,30,Exide,2023-01-02,79.66
BAT-1196,40,Exide,2023-05-19,93.61
BAT-1197,50,LG Chem,2023-03-23,90.58
BAT-1198,40,Exide,2023-03-24,79.07
BAT-1199,50,Exide,2023-11-20,99.8
BAT-1200,50,Exide,2023-12-30,92.47
BAT-1201,40,Amara Raja,2023-07-31,93.34
BAT-1202,40,Exide,2023-12-21,91.71
BAT-1203,30,Amara Raja,2023-09-23,88.23
BAT-1204,30,LG Chem,2023-01-11,89.83
BAT-1205,40,Amara Raja,2023-07-17,94.07
BAT-1206,30,LG Chem,2023-04-27,77.81
BAT-1207,50,Amara Raja,2023-01-23,99.38
BAT-1208,50,LG Chem,2023-12-17,89.18
BAT-1209,30,Amara Raja,2023-06-22,92.61
BAT-1210,40,LG Chem,2023-12-11,84.32
BAT-1211,50,Exide,2023-09-04,77.59
BAT-1212,40,Exide,2023-05-18,83.95
BAT-1213,50,Amara Raja,2023-07-24,80.36
BAT-1214,30,Exide,2023-02-03,91.79
BAT-1215,30,Amara Raja,2023-06-13,78.36
BAT-1216,40,Amara Raja,2023-04-01,97.69
BAT-1217,40,Amara Raja,2023-04-19,87.43
BAT-1218,30,LG Chem,2023-10-03,95.34
BAT-1219,50,Amara Raja,2023-10-20,79.71
BAT-1220,30,LG Chem,2023-06-17,86.94
BAT-1221,50,Amara Raja,2023-06-02,95.75
BAT-1222,50,LG Chem,2023-03-20,97.72
BAT-1223,50,LG Chem,2023-10-31,91.19
BAT-1224,50,Amara Raja,2023-01-13,86.01
BAT-1225,40,Amara Raja,2023-10-05,78.33
BAT-1226,40,Amara Raja,2023-11-13,92.12
BAT-1227,30,LG Chem,2023-04-17,96.89
BAT-1228,30,Exide,2023-12-28,79.42
BAT-1229,40,Exide,2023-12-19,76.37
BAT-1230,50,LG Chem,2023-02-02,78.25
BAT-1231,50,Exide,2023-08-30,75.15
BAT-1232,40,LG Chem,2023-11-24,91.32
BAT-1233,50,Amara Raja,2023-09-14,92.72
BAT-1234,50,Amara Raja,2023-05-07,83.81
BAT-1235,40,Amara Raja,2023-10-05,90.22
BAT-1236,50,LG Chem,2023-02-15,84.11
BAT-1237,50,LG Chem,2023-06-09,82.46
BAT-1238,50,Exide,2023-07-24,94.92
BAT-1239,30,Amara Raja,2023-10-07,79.69
BAT-1240,40,Exide,2023-04-19,97.04
BAT-1241,30,LG Chem,2023-06-20,78.03
BAT-1242,40,Amara Raja,2023-02-26,76.16
BAT-1243,50,Exide,2023-08-19,76.7
BAT-1244,50,Amara Raja,2023-01-28,79.76
BAT-1245,50,Amara Raja,2023-08-08,94.41
BAT-1246,50,Amara Raja,2023-12-12,99.02
BAT-1247,30,LG Chem,2023-01-16,83.19
BAT-1248,30,Exide,2023-03-12,75.17
BAT-1249,30,LG Chem,2023-08-01,82.88
BAT-1250,30,Exide,2023-01-29,90.11
BAT-1251,50,LG Chem,2023-07-13,75.22
BAT-1252,50,Amara Raja,2023-03-21,95.69
BAT-1253,30,Exide,2023-10-07,88.1
BAT-1254,40,Amara Raja,2023-04-10,79.49
BAT-1255,50,LG Chem,2023-01-12,96.14
BAT-1256,40,Exide,2023-09-18,90.12
BAT-1257,30,LG Chem,2023-08-31,88.56
BAT-1258,40,LG Chem,2023-10-06,98.69
BAT-1259,30,LG Chem,2023-04-23,88.94
BAT-1260,30,LG Chem,2023-02-17,75.08
BAT-1261,30,Amara Raja,2023-02-19,89.54
BAT-1262,30,Amara Raja,2023-02-22,99.17
BAT-1263,50,Exide,2023-08-12,87.54
BAT-1264,50,Exide,2023-11-08,78.05
BAT-1265,40,Amara Raja,2023-04-25,78.45
BAT-1266,30,LG Chem,2023-07-22,80.0
BAT-1267,40,LG Chem,2023-11-11,95.6
BAT-1268,50,LG Chem,2023-11-05,98.31
BAT-1269,40,Amara Raja,2023-05-28,80.94
BAT-1270,30,LG Chem,2023-02-08,84.08
BAT-1271,40,Exide,2023-05-02,88.87
BAT-1272,30,LG Chem,2023-08-16,79.24
BAT-1273,50,Amara Raja,2023-04-22,92.68
BAT-1274,50,LG Chem,2023-01-17,92.02
BAT-1275,50,Amara Raja,2023-01-18,75.79
BAT-1276,50,Exide,2023-03-17,79.23
BAT-1277,50,Exide,2023-01-06,82.42
BAT-1278,40,Amara Raja,2023-07-16,93.77
BAT-1279,40,Exide,2023-04-29,77.64
BAT-1280,40,LG Chem,2023-11-01,91.96
BAT-1281,40,Amara Raja,2023-10-07,94.76
BAT-1282,50,Amara Raja,2023-07-28,86.63
BAT-1283,50,LG Chem,2023-11-09,83.36
BAT-1284,40,Amara Raja,2023-10-04,85.98
BAT-1285,40,LG Chem,2023-05-20,97.26
BAT-1286,50,Exide,2023-11-10,93.74
BAT-1287,50,Amara Raja,2023-04-08,95.38
BAT-1288,30,LG Chem,2023-09-01,82.7
BAT-1289,30,LG Chem,2023-06-03,98.05
BAT-1290,30,Amara Raja,2023-04-25,93.89
BAT-1291,30,Amara Raja,2023-11-07,83.47
BAT-1292,40,Exide,2023-07-26,89.78
BAT-1293,30,Exide,2023-05-15,92.56
BAT-1294,40,LG Chem,2023-07-30,81.58
BAT-1295,30,Exide,2023-04-26,91.78
BAT-1296,40,Exide,2023-12-26,87.21
BAT-1297,50,LG Chem,2023-06-03,95.41
BAT-1298,50,Exide,2023-03-31,81.46
BAT-1299,40,Amara Raja,2023-08-31,87.29
BAT-1300,30,Exide,2023-02-02,97.92
BAT-1301,30,Amara Raja,2023-05-23,78.16
BAT-1302,50,Amara Raja,2023-01-22,98.48
BAT-1303,50,LG Chem,2023-03-19,88.21
BAT-1304,30,Amara Raja,2023-11-30,85.72
BAT-1305,40,Amara Raja,2023-02-17,84.21
BAT-1306,40,Amara Raja,2023-07-27,75.4
BAT-1307,50,LG Chem,2023-04-21,98.57
BAT-1308,50,Exide,2023-07-07,89.07
BAT-1309,50,LG Chem,2023-01-05,81.27
BAT-1310,40,Amara Raja,2023-12-03,84.44
BAT-1311,30,Exide,2023-09-14,94.69
BAT-1312,40,Exide,2023-06-03,86.09
BAT-1313,40,Exide,2023-12-01,84.11
BAT-1314,40,Amara Raja,2023-11-05,84.5
BAT-1315,30,Exide,2023-06-08,75.86
BAT-1316,40,Exide,2023-06-04,75.05
BAT-1317,50,Amara Raja,2023-06-10,87.31
BAT-1318,30,Amara Raja,2023-05-15,78.87
BAT-1319,40,LG Chem,2023-11-16,95.11
BAT-1320,30,Exide,2023-11-24,79.38
BAT-1321,40,Exide,2023-09-04,88.48
BAT-1322,40,Amara Raja,2023-04-04,77.18
BAT-1323,40,Exide,2023-01-08,89.3
BAT-1324,40,LG Chem,2023-05-14,78.08
BAT-1325,30,Amara Raja,2023-12-14,97.89
BAT-1326,40,LG Chem,2023-11-22,93.69
BAT-1327,30,Amara Raja,2023-10-13,94.41
BAT-1328,30,Amara Raja,2023-09-07,86.58
BAT-1329,30,LG Chem,2023-10-28,79.33
BAT-1330,30,Exide,2023-06-05,81.41
BAT-1331,30,LG Chem,2023-07-24,87.74
BAT-1332,30,Amara Raja,2023-11-10,85.65
BAT-1333,40,Amara Raja,2023-10-26,78.64
BAT-1334,40,Amara Raja,2023-03-18,87.87
BAT-1335,40,LG Chem,2023-08-19,86.97
BAT-1336,50,Amara Raja,2023-02-03,90.0
BAT-1337,50,Exide,2023-03-25,82.09
BAT-1338,50,LG Chem,2023-06-08,75.33
BAT-1339,50,LG Chem,2023-07-01,97.06
BAT-1340,40,Exide,2023-01-24,97.25
BAT-1341,30,Exide,2023-05-19,75.64
BAT-1342,30,Exide,2023-01-30,89.46
BAT-1343,50,Amara Raja,2023-05-08,91.7
BAT-1344,30,Exide,2023-07-04,86.36
BAT-1345,30,Amara Raja,2023-06-29,76.17
BAT-1346,40,Exide,2023-06-04,99.85
BAT-1347,50,Exide,2023-04-30,97.35
BAT-1348,50,Amara Raja,2023-02-15,82.2
BAT-1349,50,Exide,2023-11-11,82.42
BAT-1350,30,LG Chem,2023-04-13,82.78
BAT-1351,30,Amara Raja,2023-05-27,85.82
BAT-1352,30,LG Chem,2023-02-27,77.24
BAT-1353,50,Exide,2023-12-06,98.46
BAT-1354,30,LG Chem,2023-09-30,87.47
BAT-1355,30,Exide,2023-08-17,90.89
BAT-1356,40,LG Chem,2023-04-09,78.7
BAT-1357,30,Amara Raja,2023-11-13,99.05
BAT-1358,30,Exide,2023-01-23,90.2
BAT-1359,50,LG Chem,2023-12-05,78.51
BAT-1360,50,LG Chem,2023-05-20,84.82
BAT-1361,30,Exide,2023-07-17,78.61
BAT-1362,30,Exide,2023-03-24,77.62
BAT-1363,30,Amara Raja,2023-01-28,96.92
BAT-1364,40,Amara Raja,2023-02-24,81.17
BAT-1365,50,Exide,2023-06-12,79.38
BAT-1366,40,LG Chem,2023-05-14,77.42
BAT-1367,30,LG Chem,2023-10-02,90.52
BAT-1368,50,LG Chem,2023-02-02,91.12
BAT-1369,30,LG Chem,2023-09-13,88.44
BAT-1370,40,Exide,2023-04-08,84.04
BAT-1371,50,Exide,2023-08-15,77.5
BAT-1372,50,LG Chem,2023-05-10,76.98
BAT-1373,30,LG Chem,2023-04-02,79.24
BAT-1374,50,Exide,2023-12-25,96.49
BAT-1375,50,Exide,2023-09-05,91.63
BAT-1376,30,Exide,2023-11-28,88.57
BAT-1377,30,Exide,2023-08-29,98.94
BAT-1378,50,Exide,2023-02-26,87.05
BAT-1379,50,Exide,2023-01-21,89.14
BAT-1380,40,Exide,2023-04-02,91.5
BAT-1381,30,Exide,2023-03-17,85.64
BAT-1382,50,Exide,2023-06-26,99.13
BAT-1383,30,Exide,2023-12-14,82.27
BAT-1384,40,Amara Raja,2023-01-16,94.99
BAT-1385,30,Exide,2023-06-12,89.2
BAT-1386,40,Amara Raja,2023-07-20,84.04
BAT-1387,30,Amara Raja,2023-01-28,84.71
BAT-1388,50,Amara Raja,2023-12-19,87.05
BAT-1389,50,LG Chem,2023-09-28,90.05
BAT-1390,30,LG Chem,2023-10-01,94.06
BAT-1391,30,Amara Raja,2023-09-09,76.11
BAT-1392,50,Exide,2023-09-18,77.15
BAT-1393,50,LG Chem,2023-08-20,86.13
BAT-1394,50,LG Chem,2023-06-15,97.78
BAT-1395,40,Exide,2023-11-04,88.58
BAT-1396,30,Exide,2023-08-09,99.77
BAT-1397,30,Amara Raja,2023-10-18,91.89
BAT-1398,30,Exide,2023-02-08,81.1
BAT-1399,40,LG Chem,2023-10-27,90.54
BAT-1400,50,LG Chem,2023-10-04,95.73
BAT-1401,50,Exide,2023-12-28,98.49
BAT-1402,30,Amara Raja,2023-09-26,89.42
BAT-1403,30,LG Chem,2023-08-14,81.52
BAT-1404,50,Exide,2023-08-16,83.51
BAT-1405,30,Amara Raja,2023-11-15,93.51
BAT-1406,30,LG Chem,2023-11-28,82.43
BAT-1407,50,LG Chem,2023-03-21,79.14
BAT-1408,30,LG Chem,2023-04-08,92.66
BAT-1409,30,LG Chem,2023-06-10,82.1
BAT-1410,30,LG Chem,2023-12-03,98.19
BAT-1411,40,Exide,2023-10-25,94.19
BAT-1412,30,Amara Raja,2023-03-08,97.95
BAT-1413,40,Exide,2023-02-16,99.01
BAT-1414,50,LG Chem,2023-11-23,79.85
BAT-1415,30,Amara Raja,2023-05-24,75.36
BAT-1416,50,Amara Raja,2023-02-15,83.23
BAT-1417,40,LG Chem,2023-06-29,95.62
BAT-1418,40,LG Chem,2023-04-06,89.47
BAT-1419,30,Exide,2023-08-09,88.08
BAT-1420,40,Exide,2023-08-08,86.3
BAT-1421,50,LG Chem,2023-07-14,99.65
BAT-1422,50,Amara Raja,2023-07-24,86.08
BAT-1423,30,LG Chem,2023-05-28,91.33
BAT-1424,50,Amara Raja,2023-10-12,75.81
BAT-1425,40,LG Chem,2023-12-09,83.03
BAT-1426,50,LG Chem,2023-11-12,92.86
BAT-1427,40,LG Chem,2023-02-24,95.28
BAT-1428,50,Exide,2023-11-10,79.98
BAT-1429,50,LG Chem,2023-01-25,75.16
BAT-1430,50,Exide,2023-01-11,99.21
BAT-1431,30,Amara Raja,2023-09-26,89.61
BAT-1432,40,Exide,2023-06-20,88.43
BAT-1433,40,Amara Raja,2023-08-29,77.58
BAT-1434,40,LG Chem,2023-08-20,77.86
BAT-1435,50,Exide,2023-02-06,98.58
BAT-1436,30,Exide,2023-05-18,98.48
BAT-1437,50,LG Chem,2023-01-16,93.82
BAT-1438,30,Amara Raja,2023-03-11,88.97
BAT-1439,40,Exide,2023-10-14,95.76
BAT-1440,40,LG Chem,2023-04-05,95.51
BAT-1441,50,LG Chem,2023-12-18,98.25
BAT-1442,40,Amara Raja,2023-03-24,96.37
BAT-1443,30,Amara Raja,2023-04-15,82.72
BAT-1444,30,LG Chem,2023-10-01,78.08
BAT-1445,30,Amara Raja,2023-10-22,97.05
BAT-1446,30,LG Chem,2023-07-04,94.52
BAT-1447,40,Amara Raja,2023-03-18,91.92
BAT-1448,30,Exide,2023-03-23,99.81
BAT-1449,30,LG Chem,2023-11-12,90.34
BAT-1450,40,Exide,2023-04-04,80.97
BAT-1451,40,LG Chem,2023-02-04,83.47
BAT-1452,50,Amara Raja,2023-05-06,87.32
BAT-1453,30,Amara Raja,2023-04-29,81.46
BAT-1454,30,Amara Raja,2023-06-14,95.03
BAT-1455,50,Exide,2023-08-14,76.02
BAT-1456,50,Amara Raja,2023-06-14,81.52
BAT-1457,50,Exide,2023-08-18,91.16
BAT-1458,30,LG Chem,2023-12-02,79.53
BAT-1459,30,Amara Raja,2023-12-18,81.6
BAT-1460,30,LG Chem,2023-06-23,92.28
BAT-1461,30,Amara Raja,2023-03-08,92.76
BAT-1462,50,Exide,2023-01-18,96.33
BAT-1463,50,LG Chem,2023-01-31,95.39
BAT-1464,50,Amara Raja,2023-09-11,89.78
BAT-1465,50,LG Chem,2023-08-05,94.86
BAT-1466,50,LG Chem,2023-01-14,94.7
BAT-1467,40,LG Chem,2023-07-08,86.09
BAT-1468,40,Amara Raja,2023-04-12,91.5
BAT-1469,30,Exide,2023-08-15,94.35
BAT-1470,50,Amara Raja,2023-07-15,86.5
BAT-1471,40,LG Chem,2023-02-15,90.24
BAT-1472,50,Amara Raja,2023-10-01,86.26
BAT-1473,30,Amara Raja,2023-06-16,88.14
BAT-1474,30,Exide,2023-11-17,89.46
BAT-1475,40,Exide,2023-10-09,97.91
BAT-1476,40,Exide,2023-06-16,89.88
BAT-1477,50,LG Chem,2023-09-07,99.89
BAT-1478,40,Exide,2023-04-22,94.61
BAT-1479,50,Amara Raja,2023-02-22,88.85
BAT-1480,50,Exide,2023-07-24,93.46
BAT-1481,50,Exide,2023-05-24,92.7
BAT-1482,30,Exide,2023-05-21,75.07
BAT-1483,50,Exide,2023-04-11,79.66
BAT-1484,30,Exide,2023-11-26,94.55
BAT-1485,50,Exide,2023-01-02,95.07
BAT-1486,40,Amara Raja,2023-07-25,94.92
BAT-1487,50,Exide,2023-02-24,81.13
BAT-1488,40,Amara Raja,2023-07-14,96.49
BAT-1489,50,LG Chem,2023-02-26,78.39
BAT-1490,40,LG Chem,2023-04-17,83.37
BAT-1491,30,Exide,2023-04-08,78.65
BAT-1492,40,Exide,2023-10-05,94.24
BAT-1493,40,Exide,2023-02-07,90.09
BAT-1494,30,LG Chem,2023-07-24,91.14
BAT-1495,40,Exide,2023-05-29,93.41
BAT-1496,30,Amara Raja,2023-12-23,96.32
BAT-1497,40,Exide,2023-12-12,80.27
BAT-1498,50,LG Chem,2023-01-31,86.47
BAT-1499,40,Exide,2023-11-11,89.11
BAT-1500,50,LG Chem,2023-01-16,84.68
BAT-1501,40,LG Chem,2023-03-24,75.35
BAT-1502,30,Exide,2023-11-11,81.26
BAT-1503,50,Amara Raja,2023-06-29,89.61
BAT-1504,50,Amara Raja,2023-08-30,79.94
BAT-1505,40,LG Chem,2023-08-08,84.03
BAT-1506,50,LG Chem,2023-06-23,79.74
BAT-1507,40,LG Chem,2023-09-28,75.49
BAT-1508,40,Amara Raja,2023-05-28,87.53
BAT-1509,50,Amara Raja,2023-11-28,88.5
BAT-1510,30,Amara Raja,2023-02-18,79.28
BAT-1511,50,LG Chem,2023-05-18,77.34
BAT-1512,50,Amara Raja,2023-02-23,92.64
BAT-1513,50,LG Chem,2023-10-21,96.04
BAT-1514,50,LG Chem,2023-03-16,99.89
BAT-1515,30,LG Chem,2023-09-17,79.78
BAT-1516,40,Amara Raja,2023-12-08,97.32
BAT-1517,40,LG Chem,2023-11-01,85.69
BAT-1518,50,Amara Raja,2023-12-04,81.09
BAT-1519,40,Amara Raja,2023-10-18,89.29
BAT-1520,50,Exide,2023-06-17,91.26
BAT-1521,50,Exide,2023-09-26,89.2
BAT-1522,40,LG Chem,2023-12-05,84.48
BAT-1523,30,LG Chem,2023-07-26,75.2
BAT-1524,40,Amara Raja,2023-05-16,82.76
BAT-1525,50,Amara Raja,2023-06-04,82.13
BAT-1526,50,Exide,2023-03-08,82.0
BAT-1527,50,LG Chem,2023-09-19,91.97
BAT-1528,30,Amara Raja,2023-05-07,77.35
BAT-1529,40,Exide,2023-12-04,98.06
BAT-1530,30,Amara Raja,2023-11-02,85.75
BAT-1531,40,Amara Raja,2023-02-12,96.75
BAT-1532,40,Amara Raja,2023-08-02,97.89
BAT-1533,30,LG Chem,2023-11-22,89.4
BAT-1534,40,Exide,2023-07-13,79.64
BAT-1535,30,LG Chem,2023-09-21,96.45
BAT-1536,50,Amara Raja,2023-09-28,89.49
BAT-1537,40,Amara Raja,2023-07-26,97.99
BAT-1538,30,Exide,2023-05-23,92.28
BAT-1539,40,Amara Raja,2023-01-17,94.67
BAT-1540,40,LG Chem,2023-04-28,86.1
BAT-1541,30,Exide,2023-01-16,85.13
BAT-1542,40,LG Chem,2023-03-06,81.42
BAT-1543,50,Exide,2023-01-11,85.16
BAT-1544,50,Exide,2023-08-29,87.07
BAT-1545,50,LG Chem,2023-03-09,89.23
BAT-1546,50,LG Chem,2023-08-28,81.22
BAT-1547,30,Amara Raja,2023-12-10,94.35
BAT-1548,30,LG Chem,2023-09-24,80.76
BAT-1549,40,Exide,2023-06-17,76.47
BAT-1550,40,Exide,2023-06-23,80.93
BAT-1551,50,Amara Raja,2023-03-27,87.72
BAT-1552,50,LG Chem,2023-05-08,82.01
BAT-1553,50,Exide,2023-07-19,99.97
BAT-1554,40,Amara Raja,2023-11-05,78.03
BAT-1555,50,Amara Raja,2023-04-25,92.06
BAT-1556,30,Exide,2023-08-14,99.01
BAT-1557,40,Amara Raja,2023-01-17,93.21
BAT-1558,40,Exide,2023-12-28,84.88
BAT-1559,30,Exide,2023-11-27,98.9
BAT-1560,40,Exide,2023-10-14,78.57
BAT-1561,50,Exide,2023-05-19,85.53
BAT-1562,50,LG Chem,2023-03-31,99.85
BAT-1563,50,LG Chem,2023-09-25,75.84
BAT-1564,50,Amara Raja,2023-01-04,97.14
BAT-1565,40,Amara Raja,2023-07-30,99.21
BAT-1566,50,Amara Raja,2023-10-29,94.66
BAT-1567,50,LG Chem,2023-10-24,87.33
BAT-1568,50,Exide,2023-05-06,94.67
BAT-1569,40,Amara Raja,2023-12-27,76.52
BAT-1570,40,Exide,2023-05-28,85.98
BAT-1571,50,Amara Raja,2023-09-20,88.18
BAT-1572,30,LG Chem,2023-01-03,85.31
BAT-1573,40,Amara Raja,2023-11-14,98.45
BAT-1574,40,Amara Raja,2023-05-23,95.12
BAT-1575,30,Exide,2023-10-16,78.16
BAT-1576,30,LG Chem,2023-05-05,78.37
BAT-1577,40,Amara Raja,2023-08-19,97.82
BAT-1578,50,Amara Raja,2023-06-08,89.84
BAT-1579,50,LG Chem,2023-03-30,83.11
BAT-1580,30,Exide,2023-12-15,78.19
BAT-1581,50,Amara Raja,2023-01-22,78.9
BAT-1582,40,Amara Raja,2023-05-21,76.9
BAT-1583,40,Exide,2023-10-30,98.71
BAT-1584,30,LG Chem,2023-05-16,76.24
BAT-1585,40,Amara Raja,2023-12-30,77.64
BAT-1586,30,LG Chem,2023-07-21,77.54
BAT-1587,50,Exide,2023-02-14,80.46
BAT-1588,40,Exide,2023-04-17,81.82
BAT-1589,40,Exide,2023-03-28,86.38
BAT-1590,50,LG Chem,2023-04-10,75.73
BAT-1591,40,Amara Raja,2023-11-03,84.77
BAT-1592,50,LG Chem,2023-06-10,81.22
BAT-1593,50,Exide,2023-12-02,91.75
BAT-1594,50,Exide,2023-08-18,97.38
BAT-1595,50,Amara Raja,2023-09-10,86.48
BAT-1596,40,Amara Raja,2023-09-18,92.13
BAT-1597,40,LG Chem,2023-11-04,94.87
BAT-1598,40,Amara Raja,2023-12-29,83.15
BAT-1599,50,Amara Raja,2023-09-28,96.37
BAT-1600,40,Exide,2023-02-09,94.57
BAT-1601,40,LG Chem,2023-05-25,98.95
BAT-1602,50,Exide,2023-10-21,82.07
BAT-1603,30,Exide,2023-03-01,83.83
BAT-1604,50,Exide,2023-04-05,91.38
BAT-1605,40,Amara Raja,2023-03-04,86.64
BAT-1606,40,Amara Raja,2023-10-22,82.5
BAT-1607,50,Amara Raja,2023-11-19,92.18
BAT-1608,40,Amara Raja,2023-10-08,98.0
BAT-1609,30,Amara Raja,2023-07-09,81.65
BAT-1610,30,Amara Raja,2023-05-04,87.23
BAT-1611,50,Exide,2023-09-10,89.1
BAT-1612,40,Amara Raja,2023-03-20,93.52
BAT-1613,50,Amara Raja,2023-10-13,78.26
BAT-1614,30,Amara Raja,2023-07-23,87.81
BAT-1615,30,Exide,2023-02-07,77.42
BAT-1616,40,Exide,2023-10-29,99.16
BAT-1617,50,Exide,2023-10-21,75.98
BAT-1618,30,Amara Raja,2023-06-28,99.25
BAT-1619,30,Amara Raja,2023-05-16,75.16
BAT-1620,50,Amara Raja,2023-10-11,85.05
BAT-1621,30,LG Chem,2023-01-15,85.76
BAT-1622,40,LG Chem,2023-05-16,87.78
BAT-1623,30,Amara Raja,2023-04-09,79.51
BAT-1624,30,Amara Raja,2023-01-14,87.79
BAT-1625,50,LG Chem,2023-12-12,80.51
BAT-1626,40,Amara Raja,2023-10-31,93.07
BAT-1627,40,LG Chem,2023-09-09,82.9
BAT-1628,50,Exide,2023-12-22,97.75
BAT-1629,40,Amara Raja,2023-07-03,92.37
BAT-1630,40,Exide,2023-05-24,87.64
BAT-1631,40,LG Chem,2023-02-06,81.19
BAT-1632,50,LG Chem,2023-04-13,99.65
BAT-1633,50,Exide,2023-12-06,96.42
BAT-1634,30,Amara Raja,2023-06-22,97.23
BAT-1635,40,Amara Raja,2023-12-17,91.45
BAT-1636,50,LG Chem,2023-08-07,98.35
BAT-1637,40,LG Chem,2023-12-07,93.73
BAT-1638,30,LG Chem,2023-04-02,84.01
BAT-1639,40,Amara Raja,2023-01-04,81.64
BAT-1640,30,Exide,2023-04-02,80.75
BAT-1641,40,Exide,2023-08-02,95.41
BAT-1642,30,Amara Raja,2023-06-07,96.02
BAT-1643,40,Amara Raja,2023-08-28,98.01
BAT-1644,50,LG Chem,2023-09-30,89.43
BAT-1645,30,Amara Raja,2023-04-29,83.6
BAT-1646,40,Amara Raja,2023-05-06,94.52
BAT-1647,40,Amara Raja,2023-11-09,77.34
BAT-1648,50,LG Chem,2023-04-09,81.73
BAT-1649,50,Amara Raja,2023-02-24,84.92
BAT-1650,50,LG Chem,2023-11-12,81.31
BAT-1651,50,LG Chem,2023-08-11,75.08
BAT-1652,50,LG Chem,2023-12-04,76.82
BAT-1653,30,Amara Raja,2023-05-17,89.39
BAT-1654,30,LG Chem,2023-09-25,83.74
BAT-1655,30,Exide,2023-02-13,86.47
BAT-1656,40,Amara Raja,2023-02-02,80.5
BAT-1657,50,Amara Raja,2023-01-05,75.47
BAT-1658,30,Amara Raja,2023-08-04,94.77
BAT-1659,30,Exide,2023-09-03,79.79
BAT-1660,40,Amara Raja,2023-04-18,91.19
BAT-1661,50,LG Chem,2023-05-19,81.54
BAT-1662,30,Amara Raja,2023-11-11,85.86
BAT-1663,40,LG Chem,2023-02-06,80.61
BAT-1664,50,Amara Raja,2023-04-06,89.8
BAT-1665,40,Amara Raja,2023-06-07,84.36
BAT-1666,50,Amara Raja,2023-12-26,88.48
BAT-1667,50,Exide,2023-04-17,77.24
BAT-1668,50,LG Chem,2023-03-27,96.22
BAT-1669,50,Exide,2023-12-18,76.9
BAT-1670,50,Exide,2023-02-25,99.15
BAT-1671,50,Amara Raja,2023-05-28,91.19
BAT-1672,50,LG Chem,2023-06-21,86.7
BAT-1673,50,LG Chem,2023-08-18,80.41
BAT-1674,40,Exide,2023-05-12,84.24
BAT-1675,30,Exide,2023-12-29,93.12
BAT-1676,30,LG Chem,2024-01-01,99.3
BAT-1677,30,LG Chem,2023-05-31,75.3
BAT-1678,50,Amara Raja,2023-08-01,81.18
BAT-1679,40,Exide,2023-06-29,98.78
BAT-1680,30,Exide,2023-12-06,84.19
BAT-1681,30,Exide,2023-12-02,79.98
BAT-1682,40,LG Chem,2023-12-02,90.53
BAT-1683,40,LG Chem,2023-05-01,88.06
BAT-1684,40,Exide,2023-07-16,84.33
BAT-1685,40,Exide,2023-08-28,76.27
BAT-1686,50,Amara Raja,2023-02-23,79.26
BAT-1687,40,Amara Raja,2023-03-20,95.0
BAT-1688,30,Exide,2023-04-02,94.0
BAT-1689,30,LG Chem,2023-04-12,93.44
BAT-1690,40,Amara Raja,2023-06-07,78.85
BAT-1691,40,LG Chem,2023-05-19,87.88
BAT-1692,30,Amara Raja,2023-08-26,90.44
BAT-1693,30,Amara Raja,2023-06-26,94.49
BAT-1694,40,Amara Raja,2023-05-04,76.83
BAT-1695,30,Amara Raja,2023-06-21,97.63
BAT-1696,40,LG Chem,2023-11-20,99.35
BAT-1697,40,Exide,2023-02-07,77.32
BAT-1698,50,Exide,2023-01-22,81.11
BAT-1699,30,Amara Raja,2023-02-12,94.81
BAT-1700,30,Exide,2023-01-06,85.46
BAT-1701,50,Exide,2023-10-10,99.56
BAT-1702,50,Exide,2023-01-18,92.16
BAT-1703,30,Amara Raja,2023-02-09,88.53
BAT-1704,40,Amara Raja,2023-07-25,86.96
BAT-1705,50,LG Chem,2023-09-07,79.89
BAT-1706,50,Exide,2023-02-01,92.01
BAT-1707,40,Exide,2023-01-13,91.67
BAT-1708,50,Exide,2023-01-24,99.33
BAT-1709,30,Amara Raja,2023-03-16,87.71
BAT-1710,50,Amara Raja,2023-06-23,97.59
BAT-1711,40,Amara Raja,2023-06-03,98.62
BAT-1712,50,LG Chem,2023-07-09,98.42
BAT-1713,50,Exide,2023-11-09,85.14
BAT-1714,50,Amara Raja,2023-03-30,99.12
BAT-1715,50,Amara Raja,2023-11-12,79.75
BAT-1716,30,Exide,2023-01-04,90.08
BAT-1717,40,Exide,2023-01-12,76.61
BAT-1718,40,Exide,2023-10-29,98.96
BAT-1719,30,Exide,2023-03-22,82.18
BAT-1720,50,LG Chem,2023-03-15,79.43
BAT-1721,40,LG Chem,2023-09-05,95.27
BAT-1722,30,Exide,2023-01-19,87.36
BAT-1723,50,Exide,2023-12-13,91.26
BAT-1724,30,Exide,2023-08-17,85.25
BAT-1725,40,Amara Raja,2023-12-31,85.34
BAT-1726,50,Exide,2023-01-15,86.53
BAT-1727,40,Exide,2023-04-15,81.65
BAT-1728,30,LG Chem,2023-11-12,79.16
BAT-1729,40,Exide,2023-06-15,83.86
BAT-1730,30,Exide,2023-12-04,84.93
BAT-1731,50,Amara Raja,2023-07-07,97.18
BAT-1732,40,Amara Raja,2023-02-25,97.53
BAT-1733,30,LG Chem,2023-06-24,88.55
BAT-1734,30,Exide,2023-08-14,87.63
BAT-1735,40,Amara Raja,2023-09-17,94.82
BAT-1736,30,Exide,2023-03-06,86.08
BAT-1737,40,LG Chem,2023-04-23,78.03
BAT-1738,40,LG Chem,2023-04-13,98.04
BAT-1739,50,Amara Raja,2023-12-12,90.6
BAT-1740,50,Exide,2023-08-11,90.51
BAT-1741,30,LG Chem,2023-05-10,88.86
BAT-1742,50,Amara Raja,2023-06-03,91.37
BAT-1743,40,Exide,2023-03-18,83.97
BAT-1744,50,LG Chem,2023-08-28,75.34
BAT-1745,30,Amara Raja,2023-03-01,98.9
BAT-1746,30,Amara Raja,2023-03-15,95.45
BAT-1747,50,LG Chem,2023-06-11,79.31
BAT-1748,30,Exide,2023-02-05,76.41
BAT-1749,50,Exide,2023-06-07,75.68
BAT-1750,40,LG Chem,2023-08-02,80.16
BAT-1751,50,LG Chem,2023-05-11,89.24
BAT-1752,30,Amara Raja,2023-08-15,77.09
BAT-1753,40,LG Chem,2023-10-16,75.48
BAT-1754,40,Exide,2023-08-10,75.93
BAT-1755,50,Amara Raja,2023-09-09,77.39
BAT-1756,40,Amara Raja,2023-11-23,77.81
BAT-1757,30,Amara Raja,2023-04-26,83.21
BAT-1758,40,Amara Raja,2023-10-27,96.52
BAT-1759,50,Exide,2023-08-14,98.22
BAT-1760,40,Amara Raja,2023-10-15,99.16
BAT-1761,50,LG Chem,2023-06-25,97.11
BAT-1762,40,Exide,2023-07-14,78.83
BAT-1763,40,LG Chem,2023-04-18,78.59
BAT-1764,40,LG Chem,2023-07-13,91.64
BAT-1765,30,Amara Raja,2023-04-01,87.72
BAT-1766,50,LG Chem,2023-05-22,77.78
BAT-1767,30,Amara Raja,2023-09-17,83.45
BAT-1768,50,Exide,2023-07-10,89.41
BAT-1769,30,LG Chem,2023-11-16,75.12
BAT-1770,30,Amara Raja,2023-04-29,88.25
BAT-1771,40,LG Chem,2023-06-24,78.91
BAT-1772,30,LG Chem,2023-04-26,84.43
BAT-1773,50,Amara Raja,2023-08-11,85.98
BAT-1774,40,Exide,2023-01-06,81.18
BAT-1775,40,Amara Raja,2023-03-26,89.01
BAT-1776,50,Amara Raja,2023-04-04,82.38
BAT-1777,40,LG Chem,2023-06-17,77.7
BAT-1778,40,LG Chem,2023-02-04,77.86
BAT-1779,50,Amara Raja,2023-02-02,87.31
BAT-1780,30,LG Chem,2023-01-15,87.21
BAT-1781,40,Exide,2023-12-29,84.1
BAT-1782,30,Amara Raja,2023-01-28,87.5
BAT-1783,40,Exide,2023-11-13,90.84
BAT-1784,30,Exide,2023-01-15,93.99
BAT-1785,30,Amara Raja,2023-07-13,91.97
BAT-1786,30,Amara Raja,2023-03-12,91.3
BAT-1787,50,Amara Raja,2023-08-22,97.44
BAT-1788,40,LG Chem,2023-02-27,83.13
BAT-1789,30,LG Chem,2023-12-13,87.41
BAT-1790,40,Amara Raja,2023-07-28,76.93
BAT-1791,40,Amara Raja,2023-01-04,99.76
BAT-1792,30,LG Chem,2023-07-12,97.22
BAT-1793,50,Amara Raja,2023-04-26,75.51
BAT-1794,50,Amara Raja,2023-10-03,87.67
BAT-1795,50,LG Chem,2023-10-16,93.89
BAT-1796,50,LG Chem,2023-05-20,93.85
BAT-1797,50,Exide,2023-06-13,96.01
BAT-1798,30,Amara Raja,2023-04-07,91.25
BAT-1799,50,Amara Raja,2023-02-16,86.28
BAT-1800,40,LG Chem,2023-03-11,89.79
BAT-1801,40,Exide,2023-09-23,86.53
BAT-1802,50,Amara Raja,2023-09-27,77.16
BAT-1803,30,Amara Raja,2023-07-30,90.71
BAT-1804,50,Exide,2023-12-13,85.03
BAT-1805,30,LG Chem,2023-05-13,89.36
BAT-1806,30,Exide,2023-01-25,78.23
BAT-1807,50,Amara Raja,2023-04-29,79.91
BAT-1808,30,Exide,2023-02-13,81.9
BAT-1809,40,LG Chem,2023-02-01,82.95
BAT-1810,30,Amara Raja,2023-07-10,99.96
BAT-1811,50,Exide,2023-12-30,87.09
BAT-1812,30,Exide,2023-08-20,86.59
BAT-1813,40,Amara Raja,2023-04-11,92.64
BAT-1814,50,LG Chem,2023-08-25,79.86
BAT-1815,30,Exide,2023-02-14,93.08
BAT-1816,40,Amara Raja,2023-03-30,90.47
BAT-1817,40,Amara Raja,2023-11-26,87.37
BAT-1818,30,Amara Raja,2023-01-05,79.94
BAT-1819,50,LG Chem,2023-03-06,90.09
BAT-1820,40,Amara Raja,2023-12-16,84.85
BAT-1821,50,Exide,2023-12-25,92.9
BAT-1822,40,LG Chem,2023-08-09,88.93
BAT-1823,40,Exide,2023-01-06,79.69
BAT-1824,50,Amara Raja,2023-08-30,98.01
BAT-1825,50,Exide,2023-06-08,91.25
BAT-1826,50,Exide,2023-08-20,79.55
BAT-1827,50,Amara Raja,2023-12-24,88.19
BAT-1828,30,Amara Raja,2023-07-26,85.82
BAT-1829,30,Amara Raja,2023-04-07,79.73
BAT-1830,50,Amara Raja,2023-05-04,86.6
BAT-1831,50,LG Chem,2023-10-20,77.39
BAT-1832,50,Amara Raja,2023-03-05,87.4
BAT-1833,30,Amara Raja,2023-12-28,89.24
BAT-1834,30,LG Chem,2023-10-31,76.12
BAT-1835,30,LG Chem,2023-02-21,94.9
BAT-1836,50,Exide,2023-04-29,99.24
BAT-1837,30,Amara Raja,2023-05-27,83.39
BAT-1838,40,Exide,2023-10-19,91.86
BAT-1839,30,Exide,2024-01-01,95.06
BAT-1840,50,LG Chem,2023-10-02,96.69
BAT-1841,50,Exide,2023-11-23,93.19
BAT-1842,50,Exide,2023-09-20,87.02
BAT-1843,40,LG Chem,2023-10-20,84.9
BAT-1844,30,Exide,2023-10-08,89.14
BAT-1845,40,LG Chem,2023-06-16,96.12
BAT-1846,30,LG Chem,2023-12-20,98.69
BAT-1847,50,Exide,2023-08-24,75.63
BAT-1848,40,LG Chem,2023-12-04,87.46
BAT-1849,30,LG Chem,2023-03-29,98.72
BAT-1850,40,Exide,2023-07-28,85.54
BAT-1851,30,Amara Raja,2023-12-23,83.01
BAT-1852,40,LG Chem,2023-02-28,86.87
BAT-1853,30,Amara Raja,2023-07-08,79.42
BAT-1854,40,Amara Raja,2023-06-03,93.98
BAT-1855,30,Exide,2023-09-06,87.15
BAT-1856,40,Amara Raja,2023-01-30,83.68
BAT-1857,40,LG Chem,2023-08-01,98.26
BAT-1858,50,Amara Raja,2023-06-17,87.57
BAT-1859,30,Amara Raja,2023-04-08,99.59
BAT-1860,50,LG Chem,2023-03-05,76.54
BAT-1861,40,Exide,2023-12-30,90.56
BAT-1862,30,LG Chem,2023-01-13,78.67
BAT-1863,50,Amara Raja,2023-12-26,88.11
BAT-1864,50,LG Chem,2023-04-17,97.17
BAT-1865,50,Amara Raja,2023-01-05,96.69
BAT-1866,40,LG Chem,2023-08-14,77.38
BAT-1867,40,LG Chem,2023-10-10,80.18
BAT-1868,40,Amara Raja,2023-01-10,87.21
BAT-1869,40,LG Chem,2023-01-20,93.51
BAT-1870,40,Amara Raja,2023-10-23,81.99
BAT-1871,30,Exide,2023-06-04,91.07
BAT-1872,40,LG Chem,2023-02-08,76.02
BAT-1873,30,Amara Raja,2023-08-31,80.87
BAT-1874,30,Amara Raja,2023-08-31,80.24
BAT-1875,30,Amara Raja,2023-08-26,79.65
BAT-1876,40,Exide,2023-04-19,84.43
BAT-1877,40,Amara Raja,2023-06-01,95.05
BAT-1878,40,Amara Raja,2023-10-06,79.99
BAT-1879,50,Amara Raja,2023-03-11,93.14
BAT-1880,40,LG Chem,2023-04-04,93.97
BAT-1881,40,LG Chem,2023-12-24,98.15
BAT-1882,50,LG Chem,2023-02-24,89.99
BAT-1883,50,Amara Raja,2023-01-29,75.92
BAT-1884,50,Amara Raja,2023-10-21,90.44
BAT-1885,50,Amara Raja,2023-09-09,78.03
BAT-1886,30,LG Chem,2023-01-27,90.67
BAT-1887,30,Amara Raja,2023-04-09,97.3
BAT-1888,50,LG Chem,2023-05-16,89.21
BAT-1889,30,Amara Raja,2023-12-24,89.21
BAT-1890,30,Amara Raja,2023-06-19,98.78
BAT-1891,40,LG Chem,2023-01-17,75.19
BAT-1892,50,Exide,2023-02-28,77.34
BAT-1893,50,Exide,2023-12-10,98.59
BAT-1894,40,Exide,2023-09-06,83.37
BAT-1895,40,Amara Raja,2023-11-27,96.47
BAT-1896,50,LG Chem,2023-05-07,98.19
BAT-1897,30,Amara Raja,2023-05-28,95.71
BAT-1898,30,Amara Raja,2023-06-05,94.73
BAT-1899,50,Amara Raja,2023-04-20,87.5
BAT-1900,30,Exide,2023-01-22,94.08
BAT-1901,30,Amara Raja,2023-08-02,95.68
BAT-1902,50,Exide,2023-06-18,83.54
BAT-1903,30,LG Chem,2023-09-02,93.95
BAT-1904,50,LG Chem,2023-12-20,93.33
BAT-1905,50,LG Chem,2023-04-14,98.71
BAT-1906,40,LG Chem,2023-01-09,89.98
BAT-1907,50,Exide,2023-06-06,83.01
BAT-1908,30,Exide,2023-11-09,87.85
BAT-1909,50,LG Chem,2023-11-05,94.43
BAT-1910,50,LG Chem,2023-02-15,87.5
BAT-1911,40,LG Chem,2023-04-17,77.24
BAT-1912,40,LG Chem,2023-05-05,92.9
BAT-1913,40,Amara Raja,2023-09-12,78.98
BAT-1914,50,Amara Raja,2023-02-25,95.71
BAT-1915,50,Exide,2023-06-17,99.92
BAT-1916,30,LG Chem,2023-08-05,88.07
BAT-1917,30,LG Chem,2023-12-10,88.74
BAT-1918,30,LG Chem,2023-04-28,80.5
BAT-1919,50,LG Chem,2023-10-03,78.82
BAT-1920,40,Exide,2023-10-04,80.91
BAT-1921,50,LG Chem,2023-09-13,93.67
BAT-1922,40,Amara Raja,2023-03-21,85.8
BAT-1923,30,Amara Raja,2023-05-02,86.46
BAT-1924,50,LG Chem,2023-12-06,93.57
BAT-1925,40,LG Chem,2023-01-05,84.98
BAT-1926,50,Amara Raja,2023-04-18,95.67
BAT-1927,50,LG Chem,2023-09-17,86.61
BAT-1928,30,LG Chem,2023-12-30,95.84
BAT-1929,40,Exide,2023-09-12,88.65
BAT-1930,30,Amara Raja,2023-03-27,90.3
BAT-1931,50,Exide,2023-01-01,89.41
BAT-1932,50,Amara Raja,2023-11-05,97.69
BAT-1933,40,Exide,2023-10-26,80.83
BAT-1934,50,Exide,2023-04-16,85.65
BAT-1935,40,Amara Raja,2023-05-05,97.77
BAT-1936,40,LG Chem,2023-11-07,88.31
BAT-1937,30,Exide,2023-05-25,94.56
BAT-1938,50,LG Chem,2023-01-15,92.69
BAT-1939,50,LG Chem,2023-12-26,88.29
BAT-1940,50,Exide,2023-01-30,98.95
BAT-1941,40,Exide,2023-05-23,83.68
BAT-1942,50,Amara Raja,2023-10-21,85.9
BAT-1943,50,Exide,2023-02-08,78.57
BAT-1944,30,Amara Raja,2023-02-11,91.83
BAT-1945,30,Exide,2023-11-08,81.61
BAT-1946,50,LG Chem,2023-07-26,83.42
BAT-1947,40,Exide,2023-01-31,86.76
BAT-1948,40,Amara Raja,2023-05-27,91.2
BAT-1949,30,Amara Raja,2023-05-11,76.92
BAT-1950,40,LG Chem,2023-12-27,77.63
BAT-1951,40,Amara Raja,2023-05-25,98.0
BAT-1952,30,Amara Raja,2023-04-16,78.96
BAT-1953,40,Amara Raja,2023-02-24,91.0
BAT-1954,30,Amara Raja,2023-06-19,93.16
BAT-1955,30,Exide,2023-01-07,82.73
BAT-1956,50,LG Chem,2023-06-06,75.67
BAT-1957,50,Amara Raja,2023-03-19,75.8
BAT-1958,50,Amara Raja,2023-12-17,81.3
BAT-1959,40,LG Chem,2023-03-23,88.87
BAT-1960,40,Amara Raja,2023-03-31,76.52
BAT-1961,40,LG Chem,2023-10-17,84.35
BAT-1962,50,LG Chem,2023-08-12,78.57
BAT-1963,40,Amara Raja,2023-01-31,81.75
BAT-1964,40,LG Chem,2023-10-05,94.89
BAT-1965,40,LG Chem,2023-10-03,84.52
BAT-1966,40,Amara Raja,2023-01-13,82.01
BAT-1967,50,Amara Raja,2023-01-14,78.49
BAT-1968,30,Amara Raja,2023-11-24,79.77
BAT-1969,40,Amara Raja,2023-02-02,98.27
BAT-1970,40,Exide,2023-02-23,90.1
BAT-1971,50,Amara Raja,2023-03-18,82.25
BAT-1972,40,LG Chem,2023-12-10,97.25
BAT-1973,50,LG Chem,2023-08-13,91.47
BAT-1974,50,Amara Raja,2023-02-16,96.9
BAT-1975,30,Amara Raja,2023-09-20,75.17
BAT-1976,50,LG Chem,2023-01-18,96.69
BAT-1977,50,Amara Raja,2023-04-23,92.28
BAT-1978,40,Exide,2023-02-09,99.6
BAT-1979,40,LG Chem,2023-02-14,85.02
BAT-1980,50,Amara Raja,2023-04-25,81.98
BAT-1981,40,Exide,2023-05-19,80.09
BAT-1982,30,LG Chem,2023-11-01,92.18
BAT-1983,40,LG Chem,2023-05-26,89.93
BAT-1984,50,Exide,2023-02-14,81.22
BAT-1985,30,Amara Raja,2023-04-09,77.61
BAT-1986,50,LG Chem,2023-02-02,79.4
BAT-1987,30,Exide,2023-09-08,81.38
BAT-1988,30,Exide,2023-04-10,99.74
BAT-1989,30,Exide,2023-11-29,75.21
BAT-1990,30,Amara Raja,2023-06-23,75.13
BAT-1991,30,LG Chem,2023-04-19,98.66
BAT-1992,40,Amara Raja,2023-09-20,94.15
BAT-1993,40,Amara Raja,2023-06-17,98.06
BAT-1994,30,LG Chem,2023-05-14,76.1
BAT-1995,30,LG Chem,2023-04-26,92.6
BAT-1996,30,Exide,2023-12-25,76.53
BAT-1997,40,Exide,2023-07-12,76.52
BAT-1998,50,Exide,2023-04-26,79.83
BAT-1999,50,Exide,2023-05-10,78.67
BAT-2000,40,Amara Raja,2023-09-14,94.19
